year,transported,tag_id,esu,migration_year,bon,tda,jda,mcn
2009,,3D9.1BF23F4ABF,MC_Sthd_abvMCN,2006,1,0,0,1
2009,,3D9.1BF2553204,MC_Sthd_abvMCN,2007,1,0,0,0
2009,,3D9.1BF2553AA2,MC_Sthd_abvMCN,2007,1,0,0,1
2009,,3D9.1BF27C5419,MC_Sthd_abvMCN,2007,1,0,0,1
2009,,3D9.1BF27B9F82,MC_Sthd_abvMCN,2007,1,0,0,1
2009,,3D9.1BF27E8913,MC_Sthd_abvMCN,2007,1,0,0,0
2009,,3D9.1BF27BA12B,MC_Sthd_abvMCN,2007,1,0,0,0
2009,,3D9.1BF27BDF5F,MC_Sthd_abvMCN,2007,1,0,0,1
2009,,3D9.1BF262BE9A,MC_Sthd_abvMCN,2007,1,0,0,0
2009,,3D9.1BF27EC3B0,MC_Sthd_abvMCN,2007,1,0,0,1
2009,,3D9.1BF27CDE2F,MC_Sthd_abvMCN,2007,1,0,0,1
2009,,3D9.1BF27CF41E,MC_Sthd_abvMCN,2007,1,0,0,1
2009,,3D9.1BF27C4CBE,MC_Sthd_abvMCN,2007,1,0,0,1
2009,,3D9.1BF27CE8FD,MC_Sthd_abvMCN,2007,1,0,0,1
2009,,3D9.1BF18A7F52,MC_Sthd_abvMCN,2007,1,0,0,1
2009,,3D9.1BF2552FFB,MC_Sthd_abvMCN,2007,1,0,0,0
2009,,3D9.1BF2320A7E,MC_Sthd_abvMCN,2007,1,0,0,1
2009,,3D9.1BF27EB31D,MC_Sthd_abvMCN,2007,1,0,0,1
2009,,3D9.1BF254AA13,MC_Sthd_abvMCN,2007,1,0,0,1
2009,,3D9.1BF27E8ED8,MC_Sthd_abvMCN,2007,1,0,0,1
2009,,3D9.1BF1816EE4,MC_Sthd_abvMCN,2007,1,0,0,1
2009,,3D9.1BF2630A6D,MC_Sthd_abvMCN,2007,1,0,0,1
2009,,3D9.1BF27C52F5,MC_Sthd_abvMCN,2007,1,0,0,0
2009,,3D9.1BF27BDC8D,MC_Sthd_abvMCN,2007,1,0,0,1
2009,,3D9.1BF27EE0B2,MC_Sthd_abvMCN,2007,1,0,0,1
2009,,3D9.1BF1816546,MC_Sthd_abvMCN,2007,1,0,0,1
2009,,3D9.1BF23A40CD,MC_Sthd_abvMCN,2007,1,0,0,0
2009,,3D9.1BF27CE950,MC_Sthd_abvMCN,2007,1,0,0,1
2009,,3D9.1BF27E7B19,MC_Sthd_abvMCN,2007,1,0,0,1
2009,,3D9.1BF27C5198,MC_Sthd_abvMCN,2007,1,0,0,1
2009,,3D9.1BF27CE66C,MC_Sthd_abvMCN,2007,1,0,0,1
2009,,3D9.1BF27CEDF2,MC_Sthd_abvMCN,2007,1,0,0,0
2009,,3D9.1BF27E9600,MC_Sthd_abvMCN,2007,1,0,0,1
2009,,3D9.1BF27CDC10,MC_Sthd_abvMCN,2007,1,0,0,1
2009,,3D9.1BF27EEAFC,MC_Sthd_abvMCN,2007,1,0,0,1
2009,,3D9.1BF27C5586,MC_Sthd_abvMCN,2007,1,0,0,0
2010,,3D9.257C59D44B,MC_Sthd_abvMCN,2006,1,0,0,1
2010,,3D9.257C5A34AC,MC_Sthd_abvMCN,2006,1,0,0,1
2010,,3D9.1BF27BDC8D,MC_Sthd_abvMCN,2007,1,0,0,1
2010,,3D9.1BF18A8E9C,MC_Sthd_abvMCN,2008,1,0,0,1
2010,,3D9.1C2C3E99BC,MC_Sthd_abvMCN,2008,1,0,0,1
2010,,3D9.1C2C4BD552,MC_Sthd_abvMCN,2008,1,0,0,1
2010,,3D9.1C2C4BE4B6,MC_Sthd_abvMCN,2008,1,0,0,1
2010,,3D9.1BF18ACCF9,MC_Sthd_abvMCN,2008,1,0,0,1
2010,,3D9.1C2C32E1B6,MC_Sthd_abvMCN,2008,1,0,0,1
2010,,3D9.1C2C9C8D1E,MC_Sthd_abvMCN,2008,1,0,0,1
2010,,3D9.1C2C4BB04F,MC_Sthd_abvMCN,2008,1,0,0,1
2010,,3D9.1C2C8E1C12,MC_Sthd_abvMCN,2008,1,0,0,1
2010,,3D9.1C2C4BCB2C,MC_Sthd_abvMCN,2008,1,0,0,1
2010,,3D9.1C2C4C341B,MC_Sthd_abvMCN,2008,1,0,0,1
2010,,3D9.1C2C441701,MC_Sthd_abvMCN,2008,1,0,0,1
2010,,3D9.1C2C873FFD,MC_Sthd_abvMCN,2008,1,0,0,1
2010,,3D9.1C2C9CB258,MC_Sthd_abvMCN,2008,1,0,0,1
2010,,3D9.1C2C4BAEAE,MC_Sthd_abvMCN,2008,1,0,0,0
2010,,3D9.1C2C50CC18,MC_Sthd_abvMCN,2008,1,0,0,0
2010,,3D9.1C2C33E067,MC_Sthd_abvMCN,2008,1,0,0,1
2010,,3D9.1C2C50D7BC,MC_Sthd_abvMCN,2008,1,0,0,1
2010,,3D9.1C2CA9879F,MC_Sthd_abvMCN,2008,1,0,0,1
2010,,3D9.1C2C50D526,MC_Sthd_abvMCN,2008,1,0,0,1
2010,,3D9.1C2C512E8D,MC_Sthd_abvMCN,2008,1,0,0,1
2010,,3D9.1C2C515D31,MC_Sthd_abvMCN,2008,1,0,0,1
2010,,3D9.1BF1A2A8EF,MC_Sthd_abvMCN,2008,1,0,0,0
2010,,3D9.1C2C4B776D,MC_Sthd_abvMCN,2008,1,0,0,1
2010,,3D9.1C2C8E1875,MC_Sthd_abvMCN,2008,1,0,0,0
2010,,3D9.1BF2551387,MC_Sthd_abvMCN,2008,1,0,0,1
2010,,3D9.1C2C876A46,MC_Sthd_abvMCN,2008,1,0,0,0
2010,,3D9.1C2C50CFE5,MC_Sthd_abvMCN,2008,1,0,0,1
2010,,3D9.1C2C318080,MC_Sthd_abvMCN,2008,1,0,0,1
2010,,3D9.1C2C4BD250,MC_Sthd_abvMCN,2008,1,0,0,1
2010,,3D9.1C2C313EFE,MC_Sthd_abvMCN,2008,1,0,0,1
2010,,3D9.1C2C4BCE2C,MC_Sthd_abvMCN,2008,1,0,0,1
2010,,3D9.1C2C4BBA20,MC_Sthd_abvMCN,2008,1,0,0,1
2010,,3D9.1C2C5177FA,MC_Sthd_abvMCN,2008,1,0,0,1
2010,,3D9.1C2C4072B6,MC_Sthd_abvMCN,2008,1,0,0,1
2010,,3D9.1C2CA99403,MC_Sthd_abvMCN,2008,1,0,0,1
2010,,3D9.1C2C9C8BF7,MC_Sthd_abvMCN,2008,1,0,0,1
2010,,3D9.1BF1F86A76,MC_Sthd_abvMCN,2008,1,0,0,1
2010,,3D9.1C2C4BE6C8,MC_Sthd_abvMCN,2008,1,0,0,0
2010,,3D9.1C2C4BCCB4,MC_Sthd_abvMCN,2008,1,0,0,1
2010,,3D9.1C2C4C0858,MC_Sthd_abvMCN,2008,1,0,0,1
2010,,3D9.1C2C87D3E7,MC_Sthd_abvMCN,2008,1,0,0,1
2010,,3D9.1BF252D1E7,MC_Sthd_abvMCN,2008,1,0,0,0
2010,,3D9.1C2C4BABFD,MC_Sthd_abvMCN,2008,1,0,0,1
2010,,3D9.1C2CA98ADF,MC_Sthd_abvMCN,2008,1,0,0,1
2010,,3D9.1C2C4BF5AF,MC_Sthd_abvMCN,2008,1,0,0,1
2010,,3D9.1C2C4C29D1,MC_Sthd_abvMCN,2008,1,0,0,1
2010,,3D9.1C2C4C73F9,MC_Sthd_abvMCN,2008,1,0,0,0
2010,,3D9.1C2C512CC8,MC_Sthd_abvMCN,2008,1,0,0,1
2010,,3D9.1C2C51316A,MC_Sthd_abvMCN,2008,1,0,0,1
2010,,3D9.1C2C319CEE,MC_Sthd_abvMCN,2008,1,0,0,0
2010,,3D9.1C2C87BE6A,MC_Sthd_abvMCN,2008,1,0,0,1
2010,,3D9.1C2C4C08BC,MC_Sthd_abvMCN,2008,1,0,0,1
2010,,3D9.1C2C318E9B,MC_Sthd_abvMCN,2008,1,0,0,1
2010,,3D9.1C2C87572F,MC_Sthd_abvMCN,2008,1,0,0,1
2010,,3D9.1C2C4BB920,MC_Sthd_abvMCN,2008,1,0,0,1
2010,,3D9.1C2C97F934,MC_Sthd_abvMCN,2008,1,0,0,0
2010,,3D9.1C2C318AB9,MC_Sthd_abvMCN,2008,1,0,0,1
2010,,3D9.1C2C50FF69,MC_Sthd_abvMCN,2008,1,0,0,1
2010,,3D9.1C2C510FC5,MC_Sthd_abvMCN,2008,1,0,0,1
2010,,3D9.1C2C2A63C7,MC_Sthd_abvMCN,2008,1,0,0,0
2010,,3D9.1C2C4B768C,MC_Sthd_abvMCN,2008,1,0,0,1
2010,,3D9.1C2C516E74,MC_Sthd_abvMCN,2008,1,0,0,0
2010,,3D9.1C2C876A8A,MC_Sthd_abvMCN,2008,1,0,0,1
2010,,3D9.1C2C4BE384,MC_Sthd_abvMCN,2008,1,0,0,1
2010,,3D9.1C2C51DF25,MC_Sthd_abvMCN,2008,1,0,0,1
2010,,3D9.1C2C31347F,MC_Sthd_abvMCN,2008,1,0,0,1
2010,,3D9.1C2C4C100A,MC_Sthd_abvMCN,2008,1,0,0,1
2010,,3D9.1C2C50D67D,MC_Sthd_abvMCN,2008,1,0,0,1
2010,,3D9.1BF252E3FB,MC_Sthd_abvMCN,2008,1,0,0,1
2010,,3D9.1C2C875DBF,MC_Sthd_abvMCN,2008,1,0,0,1
2010,,3D9.1BF25359C8,MC_Sthd_abvMCN,2008,1,0,0,0
2010,,3D9.1C2CA9A39F,MC_Sthd_abvMCN,2008,1,0,0,1
2010,,3D9.1C2C511184,MC_Sthd_abvMCN,2008,1,0,0,1
2010,,3D9.1C2C87C3DF,MC_Sthd_abvMCN,2008,1,0,0,1
2010,,3D9.1C2C4BCA06,MC_Sthd_abvMCN,2008,1,0,0,1
2010,,3D9.1BF2534C52,MC_Sthd_abvMCN,2008,1,0,0,1
2010,,3D9.1C2C43C9C0,MC_Sthd_abvMCN,2008,1,0,0,1
2010,,3D9.1C2C43E197,MC_Sthd_abvMCN,2008,1,0,0,0
2010,,3D9.1C2C4419BC,MC_Sthd_abvMCN,2008,1,0,0,1
2010,,3D9.1C2C4BCE34,MC_Sthd_abvMCN,2008,1,0,0,1
2010,,3D9.1C2C50E4C1,MC_Sthd_abvMCN,2008,1,0,0,1
2010,,3D9.1C2C515D45,MC_Sthd_abvMCN,2008,1,0,0,1
2010,,3D9.1C2C4BD00F,MC_Sthd_abvMCN,2008,1,0,0,1
2010,,3D9.1C2C4BEEBF,MC_Sthd_abvMCN,2008,1,0,0,1
2010,,3D9.1C2C41FF8D,MC_Sthd_abvMCN,2008,1,0,0,1
2010,,3D9.1BF1F8AD84,MC_Sthd_abvMCN,2008,1,0,0,0
2010,,3D9.1C2CDC1737,MC_Sthd_abvMCN,2008,1,0,0,1
2010,,3D9.1C2C51798B,MC_Sthd_abvMCN,2008,1,0,0,1
2011,,3D9.1BF18A8E9C,MC_Sthd_abvMCN,2008,1,0,0,1
2011,,3D9.1C2C9C8F19,MC_Sthd_abvMCN,2008,1,0,0,1
2011,,3D9.1C2C50D7BC,MC_Sthd_abvMCN,2008,1,0,0,1
2011,,3D9.1BF18A820A,MC_Sthd_abvMCN,2009,1,0,0,1
2011,,3D9.1C2CE6E57C,MC_Sthd_abvMCN,2009,1,0,0,0
2011,,3D9.1C2CEA2421,MC_Sthd_abvMCN,2009,1,0,0,1
2011,,3D9.1C2CF39E71,MC_Sthd_abvMCN,2009,1,0,0,0
2011,,3D9.1C2CC4228F,MC_Sthd_abvMCN,2009,1,0,0,1
2011,,3D9.1C2CEA4FBE,MC_Sthd_abvMCN,2009,1,0,0,0
2011,,3D9.1BF18DD3AB,MC_Sthd_abvMCN,2009,1,0,0,0
2011,,3D9.1C2CE1B380,MC_Sthd_abvMCN,2009,1,0,0,1
2011,,3D9.1BF18AD759,MC_Sthd_abvMCN,2009,1,0,0,1
2011,,3D9.1C2CC514F4,MC_Sthd_abvMCN,2009,1,0,0,1
2011,,3D9.1C2CDC8E0C,MC_Sthd_abvMCN,2009,1,0,0,1
2011,,3D9.1C2CE3CC9C,MC_Sthd_abvMCN,2009,1,0,0,1
2011,,3D9.1C2CC7C6C4,MC_Sthd_abvMCN,2009,1,0,0,1
2011,,3D9.1C2CE230F2,MC_Sthd_abvMCN,2009,1,0,0,0
2011,,3D9.1C2C675085,MC_Sthd_abvMCN,2009,1,0,0,1
2011,,3D9.1C2CBA9E57,MC_Sthd_abvMCN,2009,1,0,0,1
2011,,3D9.1C2C29EEE0,MC_Sthd_abvMCN,2009,1,0,0,1
2011,,3D9.1C2CDC541C,MC_Sthd_abvMCN,2009,1,0,0,1
2011,,3D9.1C2CE1C50B,MC_Sthd_abvMCN,2009,1,0,0,1
2011,,3D9.1C2CEA50CC,MC_Sthd_abvMCN,2009,1,0,0,0
2011,,3D9.1C2CB29092,MC_Sthd_abvMCN,2009,1,0,0,0
2011,,3D9.1C2CE422ED,MC_Sthd_abvMCN,2009,1,0,0,1
2011,,3D9.1C2CDC4C42,MC_Sthd_abvMCN,2009,1,0,0,1
2011,,3D9.1C2CE21719,MC_Sthd_abvMCN,2009,1,0,0,1
2011,,3D9.1C2CE70D79,MC_Sthd_abvMCN,2009,1,0,0,1
2011,,3D9.1C2CDBF214,MC_Sthd_abvMCN,2009,1,0,0,1
2011,,3D9.1C2C6C1A39,MC_Sthd_abvMCN,2009,1,0,0,1
2011,,3D9.1C2CDA907E,MC_Sthd_abvMCN,2009,1,0,0,1
2011,,3D9.1C2CE1A793,MC_Sthd_abvMCN,2009,1,0,0,1
2011,,3D9.1C2CC5F48F,MC_Sthd_abvMCN,2009,1,0,0,0
2011,,3D9.1C2CBAF66A,MC_Sthd_abvMCN,2009,1,0,0,1
2011,,3D9.1C2CB26FDE,MC_Sthd_abvMCN,2009,1,0,0,1
2011,,3D9.1C2CA9727A,MC_Sthd_abvMCN,2009,1,0,0,0
2011,,3D9.1C2CB26745,MC_Sthd_abvMCN,2009,1,0,0,1
2011,,3D9.1C2CC5830C,MC_Sthd_abvMCN,2009,1,0,0,1
2011,,3D9.1C2CE6C1BC,MC_Sthd_abvMCN,2009,1,0,0,0
2011,,3D9.1C2CE37A74,MC_Sthd_abvMCN,2009,1,0,0,1
2011,,3D9.1C2CE6ED3C,MC_Sthd_abvMCN,2009,1,0,0,0
2011,,3D9.1C2C6CA449,MC_Sthd_abvMCN,2009,1,0,0,1
2011,,3D9.1C2CE61232,MC_Sthd_abvMCN,2009,1,0,0,1
2011,,3D9.1C2CE23035,MC_Sthd_abvMCN,2009,1,0,0,1
2011,,3D9.1C2C675707,MC_Sthd_abvMCN,2009,1,0,0,0
2011,,3D9.1C2CEBE04D,MC_Sthd_abvMCN,2009,1,0,0,1
2011,,3D9.1C2C678B9D,MC_Sthd_abvMCN,2009,1,0,0,1
2011,,3D9.1C2CE1CDB0,MC_Sthd_abvMCN,2009,1,0,0,1
2011,,3D9.1C2CDC5260,MC_Sthd_abvMCN,2009,1,0,0,1
2011,,3D9.1C2CC61165,MC_Sthd_abvMCN,2009,1,0,0,1
2011,,3D9.1BF18AB827,MC_Sthd_abvMCN,2009,1,0,0,0
2011,,3D9.1C2CE2758A,MC_Sthd_abvMCN,2009,1,0,0,1
2011,,3D9.1C2CC9328B,MC_Sthd_abvMCN,2009,1,0,0,1
2011,,3D9.1C2CEB1E60,MC_Sthd_abvMCN,2009,1,0,0,0
2011,,3D9.1C2CC5845D,MC_Sthd_abvMCN,2009,1,0,0,1
2011,,3D9.1C2CC55935,MC_Sthd_abvMCN,2009,1,0,0,1
2011,,3D9.1C2C9824D2,MC_Sthd_abvMCN,2009,1,0,0,0
2011,,3D9.1C2CC7DADC,MC_Sthd_abvMCN,2009,1,0,0,1
2011,,3D9.1C2C51A64A,MC_Sthd_abvMCN,2009,1,0,0,0
2011,,3D9.1C2CBABB77,MC_Sthd_abvMCN,2009,1,0,0,1
2011,,3D9.1C2CE37F12,MC_Sthd_abvMCN,2009,1,0,0,1
2011,,3D9.1C2CC53C93,MC_Sthd_abvMCN,2009,1,0,0,1
2011,,3D9.1C2CEBECD6,MC_Sthd_abvMCN,2009,1,0,0,1
2011,,3D9.1C2CC5165D,MC_Sthd_abvMCN,2009,1,0,0,1
2011,,3D9.1C2CE23C20,MC_Sthd_abvMCN,2009,1,0,0,1
2011,,3D9.1C2C2AC280,MC_Sthd_abvMCN,2009,1,0,0,1
2011,,3D9.1C2CE34B42,MC_Sthd_abvMCN,2009,1,0,0,1
2011,,3D9.1C2CBABD70,MC_Sthd_abvMCN,2009,1,0,0,1
2011,,3D9.1BF2559DED,MC_Sthd_abvMCN,2009,1,0,0,1
2011,,3D9.1C2CC7DC41,MC_Sthd_abvMCN,2009,1,0,0,1
2012,,3D9.1C2CA99403,MC_Sthd_abvMCN,2008,1,0,0,1
2012,,3D9.1C2D348D51,MC_Sthd_abvMCN,2010,1,0,0,1
2012,,3D9.1C2D33543F,MC_Sthd_abvMCN,2010,1,0,0,1
2012,,3D9.1C2D81540F,MC_Sthd_abvMCN,2010,1,0,0,1
2012,,3D9.1C2D80E43D,MC_Sthd_abvMCN,2010,1,0,0,1
2012,,3D9.1C2D26DBB7,MC_Sthd_abvMCN,2010,1,0,0,1
2012,,3D9.1C2D3490AE,MC_Sthd_abvMCN,2010,1,0,0,1
2012,,3D9.1C2D338CE1,MC_Sthd_abvMCN,2010,1,0,0,1
2012,,3D9.1C2CB5D497,MC_Sthd_abvMCN,2010,1,0,0,1
2012,,3D9.1C2D82521E,MC_Sthd_abvMCN,2010,1,0,0,0
2012,,3D9.1C2CB89685,MC_Sthd_abvMCN,2010,1,0,0,1
2012,,3D9.1C2CBAF4E5,MC_Sthd_abvMCN,2010,1,0,0,1
2012,,3D9.1C2D33E354,MC_Sthd_abvMCN,2010,1,0,0,1
2012,,3D9.1C2D26A877,MC_Sthd_abvMCN,2010,1,0,0,1
2012,,3D9.1C2D263188,MC_Sthd_abvMCN,2010,1,0,0,1
2012,,3D9.1C2D812B61,MC_Sthd_abvMCN,2010,1,0,0,1
2012,,3D9.1C2D33B783,MC_Sthd_abvMCN,2010,1,0,0,1
2012,,3D9.1C2D2660EA,MC_Sthd_abvMCN,2010,1,0,0,1
2012,,3D9.1C2CB8A8AF,MC_Sthd_abvMCN,2010,1,0,0,1
2012,,3D9.1C2D816508,MC_Sthd_abvMCN,2010,1,0,0,0
2012,,3D9.1C2D34A905,MC_Sthd_abvMCN,2010,1,0,0,0
2012,,3D9.1C2D80D527,MC_Sthd_abvMCN,2010,1,0,0,1
2012,,3D9.1C2D814F5E,MC_Sthd_abvMCN,2010,1,0,0,1
2012,,3D9.1C2C2EFC70,MC_Sthd_abvMCN,2010,1,0,0,1
2012,,3D9.1C2D80CF76,MC_Sthd_abvMCN,2010,1,0,0,1
2012,,3D9.1C2D3339CA,MC_Sthd_abvMCN,2010,1,0,0,1
2012,,3D9.1C2D34894F,MC_Sthd_abvMCN,2010,1,0,0,1
2012,,3D9.1C2D262CE7,MC_Sthd_abvMCN,2010,1,0,0,1
2012,,3D9.1C2CE7E4B0,MC_Sthd_abvMCN,2010,1,0,0,1
2012,,3D9.1C2CF39CC2,MC_Sthd_abvMCN,2010,1,0,0,1
2012,,3D9.1C2CE32D38,MC_Sthd_abvMCN,2010,1,0,0,1
2012,,3D9.1C2D811AD3,MC_Sthd_abvMCN,2010,1,0,0,1
2012,,3D9.1C2CEBFACE,MC_Sthd_abvMCN,2010,1,0,0,1
2012,,3D9.1C2D7B332D,MC_Sthd_abvMCN,2010,1,0,0,1
2012,,3D9.1C2D276D2C,MC_Sthd_abvMCN,2010,1,0,0,1
2012,,3D9.1C2D81021E,MC_Sthd_abvMCN,2010,1,0,0,1
2012,,3D9.1C2D337697,MC_Sthd_abvMCN,2010,1,0,0,1
2012,,3D9.1C2D80E817,MC_Sthd_abvMCN,2010,1,0,0,1
2012,,3D9.1C2D82383F,MC_Sthd_abvMCN,2010,1,0,0,0
2012,,3D9.1C2D3371AE,MC_Sthd_abvMCN,2010,1,0,0,1
2012,,3D9.1C2D348E57,MC_Sthd_abvMCN,2010,1,0,0,1
2012,,3D9.1C2CE34772,MC_Sthd_abvMCN,2010,1,0,0,1
2012,,3D9.1C2D4F5D67,MC_Sthd_abvMCN,2010,1,0,0,1
2012,,3D9.1C2D335D51,MC_Sthd_abvMCN,2010,1,0,0,1
2012,,3D9.1C2D80E461,MC_Sthd_abvMCN,2010,1,0,0,1
2012,,3D9.1C2D8109BB,MC_Sthd_abvMCN,2010,1,0,0,1
2012,,3D9.1C2D813645,MC_Sthd_abvMCN,2010,1,0,0,0
2012,,3D9.1C2D3374E6,MC_Sthd_abvMCN,2010,1,0,0,1
2012,,3D9.1C2D80D5A3,MC_Sthd_abvMCN,2010,1,0,0,1
2012,,3D9.1C2D8118BF,MC_Sthd_abvMCN,2010,1,0,0,1
2012,,3D9.1C2D349011,MC_Sthd_abvMCN,2010,1,0,0,1
2012,,3D9.1C2D815908,MC_Sthd_abvMCN,2010,1,0,0,1
2012,,3D9.1C2D815A5E,MC_Sthd_abvMCN,2010,1,0,0,1
2012,,3D9.1C2D7BD400,MC_Sthd_abvMCN,2010,1,0,0,1
2012,,3D9.1C2D8165E8,MC_Sthd_abvMCN,2010,1,0,0,1
2012,,3D9.1C2D33F83B,MC_Sthd_abvMCN,2010,1,0,0,1
2012,,3D9.1C2CBAC6C4,MC_Sthd_abvMCN,2010,1,0,0,1
2012,,3D9.1C2D3447A0,MC_Sthd_abvMCN,2010,1,0,0,1
2012,,3D9.1C2D811FA6,MC_Sthd_abvMCN,2010,1,0,0,1
2012,,3D9.1C2CB845CE,MC_Sthd_abvMCN,2010,1,0,0,1
2012,,3D9.1C2D80DA0A,MC_Sthd_abvMCN,2010,1,0,0,1
2012,,3D9.1C2D333BD4,MC_Sthd_abvMCN,2010,1,0,0,0
2012,,3D9.1C2D25E1EA,MC_Sthd_abvMCN,2010,1,0,0,1
2012,,3D9.1C2CBAD1DF,MC_Sthd_abvMCN,2010,1,0,0,1
2012,,3D9.1C2D33E4E8,MC_Sthd_abvMCN,2010,1,0,0,1
2012,,3D9.1C2D3355FD,MC_Sthd_abvMCN,2010,1,0,0,0
2012,,3D9.1C2CB84A57,MC_Sthd_abvMCN,2010,1,0,0,1
2012,,3D9.1C2D8166F8,MC_Sthd_abvMCN,2010,1,0,0,1
2012,,3D9.1C2D80D0FE,MC_Sthd_abvMCN,2010,1,0,0,1
2012,,3D9.1C2D7B6E5F,MC_Sthd_abvMCN,2010,1,0,0,1
2012,,3D9.1C2CF1A612,MC_Sthd_abvMCN,2010,1,0,0,0
2012,,3D9.1C2D33DE9D,MC_Sthd_abvMCN,2010,1,0,0,1
2012,,3D9.1C2D339353,MC_Sthd_abvMCN,2010,1,0,0,1
2012,,3D9.1C2D814F2E,MC_Sthd_abvMCN,2010,1,0,0,0
2012,,3D9.1C2D34A6F6,MC_Sthd_abvMCN,2010,1,0,0,1
2012,,3D9.1C2D1CE52E,MC_Sthd_abvMCN,2010,1,0,0,1
2012,,3D9.1C2D2659C9,MC_Sthd_abvMCN,2010,1,0,0,1
2012,,3D9.1C2D4F4DCD,MC_Sthd_abvMCN,2010,1,0,0,0
2012,,3D9.1C2D339079,MC_Sthd_abvMCN,2010,1,0,0,1
2012,,3D9.1C2D50B26F,MC_Sthd_abvMCN,2010,1,0,0,0
2012,,3D9.1C2D33E590,MC_Sthd_abvMCN,2010,1,0,0,1
2012,,3D9.1C2D811155,MC_Sthd_abvMCN,2010,1,0,0,1
2012,,3D9.1C2D8117CE,MC_Sthd_abvMCN,2010,1,0,0,1
2012,,3D9.1C2D5001E5,MC_Sthd_abvMCN,2010,1,0,0,1
2012,,3D9.1C2CE7ED69,MC_Sthd_abvMCN,2010,1,0,0,0
2012,,3D9.1C2CF370C7,MC_Sthd_abvMCN,2010,1,0,0,1
2012,,3D9.1C2D266D8E,MC_Sthd_abvMCN,2010,1,0,0,1
2012,,3D9.1C2D82371C,MC_Sthd_abvMCN,2010,1,0,0,1
2012,,3D9.1C2CE76C06,MC_Sthd_abvMCN,2010,1,0,0,1
2012,,3D9.1C2D7B834C,MC_Sthd_abvMCN,2010,1,0,0,1
2012,,3D9.1C2D80D11E,MC_Sthd_abvMCN,2010,1,0,0,1
2012,,3D9.1C2CE368E8,MC_Sthd_abvMCN,2010,1,0,0,1
2012,,3D9.1C2D337953,MC_Sthd_abvMCN,2010,1,0,0,1
2012,,3D9.1C2D349AC0,MC_Sthd_abvMCN,2010,1,0,0,1
2012,,3D9.1C2D3371CE,MC_Sthd_abvMCN,2010,1,0,0,1
2012,,3D9.1C2D8125FE,MC_Sthd_abvMCN,2010,1,0,0,1
2012,,3D9.1C2D811ED0,MC_Sthd_abvMCN,2010,1,0,0,1
2012,,3D9.1C2CBAD3E4,MC_Sthd_abvMCN,2010,1,0,0,0
2012,,3D9.1C2D279608,MC_Sthd_abvMCN,2010,1,0,0,1
2012,,3D9.1C2D349F88,MC_Sthd_abvMCN,2010,1,0,0,1
2012,,3D9.1C2CA37932,MC_Sthd_abvMCN,2010,1,0,0,1
2012,,3D9.1C2D34AC61,MC_Sthd_abvMCN,2010,1,0,0,1
2012,,3D9.1C2D4F5D68,MC_Sthd_abvMCN,2010,1,0,0,1
2012,,3D9.1C2D4F6379,MC_Sthd_abvMCN,2010,1,0,0,1
2012,,3D9.1C2D8139D4,MC_Sthd_abvMCN,2010,1,0,0,0
2012,,3D9.1C2CB86B9E,MC_Sthd_abvMCN,2010,1,0,0,1
2012,,3D9.1C2D4F4CBB,MC_Sthd_abvMCN,2010,1,0,0,1
2012,,3D9.1C2CB8A44E,MC_Sthd_abvMCN,2010,1,0,0,1
2012,,3D9.1C2D825E2C,MC_Sthd_abvMCN,2010,1,0,0,1
2012,,3D9.1C2CF93BC1,MC_Sthd_abvMCN,2010,1,0,0,0
2012,,3D9.1C2CE3A42B,MC_Sthd_abvMCN,2010,1,0,0,1
2012,,3D9.1C2D26D6DB,MC_Sthd_abvMCN,2010,1,0,0,1
2012,,3D9.1C2D8162DD,MC_Sthd_abvMCN,2010,1,0,0,0
2012,,3D9.1C2D338CC8,MC_Sthd_abvMCN,2010,1,0,0,1
2012,,3D9.1C2CB84B0D,MC_Sthd_abvMCN,2010,1,0,0,1
2012,,3D9.1C2D4F5788,MC_Sthd_abvMCN,2010,1,0,0,1
2012,,3D9.1C2D3387AC,MC_Sthd_abvMCN,2010,1,0,0,1
2012,,3D9.1C2D266726,MC_Sthd_abvMCN,2010,1,0,0,1
2013,,3D9.1C2C2AC280,MC_Sthd_abvMCN,2009,1,1,0,1
2013,,3D9.1C2D338CE0,MC_Sthd_abvMCN,2010,1,0,0,0
2013,,3D9.1C2CB8A9DD,MC_Sthd_abvMCN,2010,1,1,0,1
2013,,3D9.1C2DB99B8A,MC_Sthd_abvMCN,2011,1,0,0,0
2013,,3D9.1C2D7D19D6,MC_Sthd_abvMCN,2011,1,1,0,1
2013,,3D9.1C2DCD378D,MC_Sthd_abvMCN,2011,1,1,0,1
2013,,3D9.1C2DB9F34B,MC_Sthd_abvMCN,2011,1,1,0,1
2013,,3D9.1C2D880037,MC_Sthd_abvMCN,2011,1,1,0,1
2013,,3D9.1C2D049FBE,MC_Sthd_abvMCN,2011,1,1,0,1
2013,,3D9.1C2DCE5D84,MC_Sthd_abvMCN,2011,1,1,0,1
2013,,3D9.1C2CA9A392,MC_Sthd_abvMCN,2011,1,1,0,0
2013,,3D9.1C2D7D4410,MC_Sthd_abvMCN,2011,1,1,0,1
2013,,3D9.1C2D7C7D94,MC_Sthd_abvMCN,2011,1,0,0,0
2013,,3D9.1C2D33F46E,MC_Sthd_abvMCN,2011,1,0,0,0
2013,,3D9.1C2DCE5E09,MC_Sthd_abvMCN,2011,1,1,0,1
2013,,3D9.1BF1B782E5,MC_Sthd_abvMCN,2011,1,1,0,0
2013,,3D9.1C2DBA3978,MC_Sthd_abvMCN,2011,1,1,0,1
2013,,3D9.1C2C97F4A0,MC_Sthd_abvMCN,2011,1,1,0,1
2013,,3D9.1C2DC462AF,MC_Sthd_abvMCN,2011,1,1,0,1
2013,,3D9.1BF1D14E60,MC_Sthd_abvMCN,2011,1,1,0,1
2013,,3D9.1C2DA88BD8,MC_Sthd_abvMCN,2011,1,1,0,1
2013,,3D9.1C2DC31947,MC_Sthd_abvMCN,2011,1,1,0,0
2013,,3D9.1C2D045DE3,MC_Sthd_abvMCN,2011,1,1,0,1
2013,,3D9.1C2DBA3784,MC_Sthd_abvMCN,2011,1,1,0,1
2013,,3D9.1C2DCD853D,MC_Sthd_abvMCN,2011,1,1,0,1
2013,,3D9.1C2DCC8150,MC_Sthd_abvMCN,2011,1,1,0,1
2013,,3D9.1C2DA70AFA,MC_Sthd_abvMCN,2011,1,1,0,0
2013,,3D9.1C2DCCCC30,MC_Sthd_abvMCN,2011,1,0,0,0
2013,,3D9.1C2D856DAF,MC_Sthd_abvMCN,2011,1,1,0,1
2013,,3D9.1C2DA758E8,MC_Sthd_abvMCN,2011,1,1,0,1
2013,,3D9.1C2DCCBCE1,MC_Sthd_abvMCN,2011,1,0,0,0
2013,,3D9.1C2D7CC9CD,MC_Sthd_abvMCN,2011,1,1,0,1
2013,,3D9.1C2C98B2B1,MC_Sthd_abvMCN,2011,1,1,0,1
2013,,3D9.1BF1D0FC1C,MC_Sthd_abvMCN,2011,1,1,0,1
2013,,3D9.1C2D048151,MC_Sthd_abvMCN,2011,1,1,0,1
2013,,3D9.1C2DC369DA,MC_Sthd_abvMCN,2011,1,1,0,0
2013,,3D9.1C2DCE2EB6,MC_Sthd_abvMCN,2011,1,1,0,0
2014,,3D9.1BF1D4D5A6,MC_Sthd_abvMCN,2011,1,1,0,1
2014,,3D9.1C2D04EECA,MC_Sthd_abvMCN,2012,1,0,0,0
2014,,3D9.1C2DD589BB,MC_Sthd_abvMCN,2012,1,1,0,1
2014,,3D9.1C2D9D9D7A,MC_Sthd_abvMCN,2012,1,0,0,0
2014,,3D9.1C2DAC24A0,MC_Sthd_abvMCN,2012,1,1,0,1
2014,,3D9.1C2DAD02BF,MC_Sthd_abvMCN,2012,1,1,0,1
2014,,3D9.1C2DB8708F,MC_Sthd_abvMCN,2012,1,0,0,0
2014,,3D9.1C2D80856A,MC_Sthd_abvMCN,2012,1,0,0,0
2014,,3D9.1C2D71985A,MC_Sthd_abvMCN,2012,1,1,0,1
2014,,3D9.1C2DB6EF19,MC_Sthd_abvMCN,2012,1,1,0,1
2014,,3D9.1C2DB4DF6C,MC_Sthd_abvMCN,2012,1,1,0,1
2014,,3D9.1C2DB2F887,MC_Sthd_abvMCN,2012,1,1,0,1
2014,,3D9.1C2D0481E9,MC_Sthd_abvMCN,2012,1,1,0,1
2014,,3D9.1C2D051F0F,MC_Sthd_abvMCN,2012,1,1,0,1
2014,,3D9.1C2DA7F113,MC_Sthd_abvMCN,2012,1,1,0,1
2014,,3D9.1C2DB70C6C,MC_Sthd_abvMCN,2012,1,1,0,1
2014,,3D9.1C2DD58830,MC_Sthd_abvMCN,2012,1,1,0,1
2014,,3D9.1C2DB72AE2,MC_Sthd_abvMCN,2012,1,1,0,1
2014,,3D9.1C2D7DCBC2,MC_Sthd_abvMCN,2012,1,1,0,1
2014,,3D9.1C2D9DC319,MC_Sthd_abvMCN,2012,1,0,0,0
2014,,3D9.1C2DD5EBC1,MC_Sthd_abvMCN,2012,1,1,0,1
2014,,3D9.1C2DD3DC57,MC_Sthd_abvMCN,2012,1,1,0,1
2014,,3D9.1C2C516D58,MC_Sthd_abvMCN,2012,1,0,0,0
2014,,3D9.1C2D7FE72F,MC_Sthd_abvMCN,2012,1,1,0,1
2014,,3D9.1C2D9DC988,MC_Sthd_abvMCN,2012,1,1,0,1
2014,,3D9.1C2DD59D22,MC_Sthd_abvMCN,2012,1,1,0,1
2014,,3D9.1C2DAA7DD2,MC_Sthd_abvMCN,2012,1,0,0,0
2014,,3D9.1C2D7F93A4,MC_Sthd_abvMCN,2012,1,1,0,1
2014,,3D9.1C2DD5D688,MC_Sthd_abvMCN,2012,1,0,0,0
2014,,3D9.1C2D9DD7C6,MC_Sthd_abvMCN,2012,1,1,0,1
2014,,3D9.1C2DB75296,MC_Sthd_abvMCN,2012,1,1,0,1
2014,,3D9.1C2D9C3D6E,MC_Sthd_abvMCN,2012,1,1,0,1
2014,,3D9.1C2D9DDDF5,MC_Sthd_abvMCN,2012,1,1,0,1
2014,,3D9.1C2DD60CB8,MC_Sthd_abvMCN,2012,1,1,0,1
2014,,3D9.1C2DA800B6,MC_Sthd_abvMCN,2012,1,1,0,1
2014,,3D9.1C2D7FB904,MC_Sthd_abvMCN,2012,1,1,0,1
2014,,3D9.1C2DBE8580,MC_Sthd_abvMCN,2012,1,1,0,1
2014,,3D9.1C2DBC086E,MC_Sthd_abvMCN,2012,1,1,0,1
2014,,3D9.1C2D804D34,MC_Sthd_abvMCN,2012,1,1,0,1
2014,,3D9.1C2DB4E9E1,MC_Sthd_abvMCN,2012,1,1,0,1
2014,,3D9.1C2DD5ECF7,MC_Sthd_abvMCN,2012,1,1,0,1
2014,,3D9.1C2DD6005A,MC_Sthd_abvMCN,2012,1,1,0,1
2014,,3D9.1C2DD5DFE5,MC_Sthd_abvMCN,2012,1,0,0,0
2014,,3D9.1C2DAA8A9E,MC_Sthd_abvMCN,2012,1,1,0,0
2014,,3D9.1BF25777C1,MC_Sthd_abvMCN,2012,1,1,0,1
2014,,3D9.1C2DD60E54,MC_Sthd_abvMCN,2012,1,1,0,1
2014,,3D9.1C2D9E220C,MC_Sthd_abvMCN,2012,1,1,0,1
2014,,3D9.1C2DD5B551,MC_Sthd_abvMCN,2012,1,1,0,0
2014,,3D9.1C2D9B20FE,MC_Sthd_abvMCN,2012,1,1,0,1
2014,,3D9.1C2DA7A1E7,MC_Sthd_abvMCN,2012,1,1,0,1
2014,,3D9.1C2DB5FF71,MC_Sthd_abvMCN,2012,1,1,0,0
2014,,3D9.1C2DAC277B,MC_Sthd_abvMCN,2012,1,1,0,1
2014,,3D9.1C2DB72B9F,MC_Sthd_abvMCN,2012,1,1,0,1
2014,,3D9.1C2D052A31,MC_Sthd_abvMCN,2012,1,1,0,1
2014,,3D9.1C2DB6A65E,MC_Sthd_abvMCN,2012,1,1,0,1
2014,,3D9.1C2DD3A6CF,MC_Sthd_abvMCN,2012,1,1,0,1
2014,,3D9.1C2D7FB3DF,MC_Sthd_abvMCN,2012,1,1,0,1
2014,,3D9.1C2DAA49FF,MC_Sthd_abvMCN,2012,1,1,0,1
2014,,3D9.1C2DD61AE3,MC_Sthd_abvMCN,2012,1,1,0,1
2014,,3D9.1C2DD61661,MC_Sthd_abvMCN,2012,1,0,0,0
2014,,3D9.1C2DA569F2,MC_Sthd_abvMCN,2012,1,1,0,1
2014,,3D9.1C2D9B6D9A,MC_Sthd_abvMCN,2012,1,1,0,1
2014,,3D9.1C2DB6E2F0,MC_Sthd_abvMCN,2012,1,1,0,1
2014,,3D9.1C2DD4A53E,MC_Sthd_abvMCN,2012,1,1,0,1
2014,,3D9.1C2D75F4A7,MC_Sthd_abvMCN,2012,1,1,0,1
2014,,3D9.1C2DD61B6E,MC_Sthd_abvMCN,2012,1,0,0,0
2014,,3D9.1C2D052319,MC_Sthd_abvMCN,2012,1,1,0,1
2014,,3D9.1C2DBEF59E,MC_Sthd_abvMCN,2012,1,1,0,1
2014,,3D9.1C2DB9B29F,MC_Sthd_abvMCN,2012,1,1,0,1
2014,,3D9.1C2D9DE0FB,MC_Sthd_abvMCN,2012,1,1,0,1
2014,,3D9.1C2D7FB503,MC_Sthd_abvMCN,2012,1,1,0,1
2014,,3D9.1C2D7EC5B8,MC_Sthd_abvMCN,2012,1,1,0,1
2014,,3D9.1C2DA7E876,MC_Sthd_abvMCN,2012,1,1,0,1
2014,,3D9.1C2D84436F,MC_Sthd_abvMCN,2012,1,1,0,1
2014,,3D9.1C2DD535B7,MC_Sthd_abvMCN,2012,1,1,0,0
2014,,3D9.1C2D04C27E,MC_Sthd_abvMCN,2012,1,1,0,1
2014,,3D9.1C2D9BC19D,MC_Sthd_abvMCN,2012,1,1,0,1
2014,,3D9.1C2DD43829,MC_Sthd_abvMCN,2012,1,0,0,0
2014,,3D9.1C2D9E1C34,MC_Sthd_abvMCN,2012,1,0,0,0
2014,,3D9.1C2DA602D3,MC_Sthd_abvMCN,2012,1,1,0,1
2014,,3D9.1C2D9E2C57,MC_Sthd_abvMCN,2012,1,1,0,1
2014,,3D9.1C2D9DE550,MC_Sthd_abvMCN,2012,1,1,0,0
2014,,3D9.1C2D9D9A47,MC_Sthd_abvMCN,2012,1,1,0,1
2014,,3D9.1C2D04D4E2,MC_Sthd_abvMCN,2012,1,1,0,1
2014,,3D9.1C2DD52392,MC_Sthd_abvMCN,2012,1,1,0,1
2014,,3D9.1C2D9CC518,MC_Sthd_abvMCN,2012,1,1,0,0
2014,,3D9.1C2DA83EF6,MC_Sthd_abvMCN,2012,1,1,0,1
2014,,3D9.1C2DD5C4C9,MC_Sthd_abvMCN,2012,1,1,0,1
2014,,3D9.1C2DBE84C2,MC_Sthd_abvMCN,2012,1,0,0,0
2014,,3D9.1C2DA7DC18,MC_Sthd_abvMCN,2012,1,1,0,1
2014,,3D9.1C2DA8908F,MC_Sthd_abvMCN,2012,1,1,0,1
2014,,3D9.1C2D9D350B,MC_Sthd_abvMCN,2012,1,1,0,1
2014,,3D9.1C2D04C8D1,MC_Sthd_abvMCN,2012,1,0,0,0
2014,,3D9.1C2DD4F748,MC_Sthd_abvMCN,2012,1,1,0,0
2014,,3D9.1C2DD5FC5B,MC_Sthd_abvMCN,2012,1,1,0,1
2014,,3D9.1C2D05177D,MC_Sthd_abvMCN,2012,1,1,0,1
2014,,3D9.1C2DD5B6C1,MC_Sthd_abvMCN,2012,1,1,0,1
2014,,3D9.1C2D7FD0DB,MC_Sthd_abvMCN,2012,1,1,0,1
2014,,3D9.1C2D9BC034,MC_Sthd_abvMCN,2012,1,1,0,1
2014,,3D9.1C2DD5ADA3,MC_Sthd_abvMCN,2012,1,1,0,1
2015,,3D9.1C2D9C6B88,MC_Sthd_abvMCN,2012,1,1,0,1
2015,,3D9.1C2D7FCE65,MC_Sthd_abvMCN,2012,1,1,0,0
2015,,3D9.1C2D7FF5A7,MC_Sthd_abvMCN,2012,1,1,0,1
2015,,3D9.1C2D7DBDB9,MC_Sthd_abvMCN,2012,1,1,0,1
2015,,3D9.1C2D7C8F73,MC_Sthd_abvMCN,2012,1,1,0,1
2015,,3D9.1C2D9C3D6E,MC_Sthd_abvMCN,2012,1,1,0,1
2015,,3D9.1C2D7FB7C9,MC_Sthd_abvMCN,2012,1,1,0,1
2015,,3D9.1BF1D4AAF7,MC_Sthd_abvMCN,2012,1,1,0,1
2015,,3D9.1C2D800AA6,MC_Sthd_abvMCN,2012,1,0,0,0
2015,,3D9.1C2D7619A4,MC_Sthd_abvMCN,2012,1,1,0,1
2015,,3D9.1C2D71985A,MC_Sthd_abvMCN,2012,1,1,0,1
2015,,3D9.1C2DDA6F70,MC_Sthd_abvMCN,2013,1,1,0,1
2015,,3D9.1C2D9E268B,MC_Sthd_abvMCN,2013,1,1,0,1
2015,,3D9.1C2DACE94D,MC_Sthd_abvMCN,2013,1,1,0,1
2015,,3D9.1C2DB82814,MC_Sthd_abvMCN,2013,1,1,0,1
2015,,3D9.1C2DAECF76,MC_Sthd_abvMCN,2013,1,1,0,0
2015,,3D9.1C2DAC3D5E,MC_Sthd_abvMCN,2013,1,1,0,1
2015,,3DD.003B9D3D29,MC_Sthd_abvMCN,2013,1,1,0,1
2015,,3D9.1C2DBBD25C,MC_Sthd_abvMCN,2013,1,0,0,0
2015,,3D9.1C2DAD7E63,MC_Sthd_abvMCN,2013,1,1,0,1
2015,,3D9.1C2DA7A2DB,MC_Sthd_abvMCN,2013,1,0,0,0
2015,,3DD.003B9D44EA,MC_Sthd_abvMCN,2013,1,1,0,0
2015,,3D9.1C2CFD9C04,MC_Sthd_abvMCN,2013,1,1,0,1
2015,,3D9.1C2DBB28E7,MC_Sthd_abvMCN,2013,1,1,0,1
2015,,3D9.1C2DAD5B28,MC_Sthd_abvMCN,2013,1,1,0,0
2015,,3D9.1C2D9C388A,MC_Sthd_abvMCN,2013,1,1,0,1
2015,,3D9.1C2D9DCCBC,MC_Sthd_abvMCN,2013,1,1,0,1
2015,,3D9.1C2D9DBDAD,MC_Sthd_abvMCN,2013,1,1,0,1
2015,,3D9.1C2DA5C927,MC_Sthd_abvMCN,2013,1,1,0,1
2015,,3D9.1C2DAEC41A,MC_Sthd_abvMCN,2013,1,1,0,1
2015,,3D9.1C2D54E821,MC_Sthd_abvMCN,2013,1,0,0,0
2015,,3D9.1C2DD9DBA9,MC_Sthd_abvMCN,2013,1,0,0,0
2015,,3D9.1C2D53D2C9,MC_Sthd_abvMCN,2013,1,1,0,1
2015,,3D9.1C2DDA7B60,MC_Sthd_abvMCN,2013,1,0,0,0
2015,,3D9.1C2DFFC432,MC_Sthd_abvMCN,2013,1,1,0,1
2015,,3D9.1C2DE9C5A5,MC_Sthd_abvMCN,2013,1,0,0,0
2015,,3D9.1C2D0E1F98,MC_Sthd_abvMCN,2013,1,1,0,1
2015,,3D9.1C2DAD5BE1,MC_Sthd_abvMCN,2013,1,1,0,1
2015,,3D9.1C2D9DD20A,MC_Sthd_abvMCN,2013,1,1,0,1
2015,,3D9.1C2DAFFF5C,MC_Sthd_abvMCN,2013,1,1,0,1
2015,,3D9.1C2DDB45DA,MC_Sthd_abvMCN,2013,1,0,0,0
2015,,3D9.1C2DB7D3D1,MC_Sthd_abvMCN,2013,1,1,0,1
2015,,3D9.1C2DB30570,MC_Sthd_abvMCN,2013,1,1,0,1
2015,,3D9.1C2DAD5A23,MC_Sthd_abvMCN,2013,1,1,0,1
2015,,3D9.1C2CFDA699,MC_Sthd_abvMCN,2013,1,0,0,0
2015,,3DD.003B9D4685,MC_Sthd_abvMCN,2013,1,0,0,0
2015,,3D9.1C2DB75DBC,MC_Sthd_abvMCN,2013,1,1,0,1
2015,,3D9.1C2DDB8738,MC_Sthd_abvMCN,2013,1,0,0,0
2015,,3D9.1C2DDA9AEB,MC_Sthd_abvMCN,2013,1,1,0,1
2015,,3D9.1C2DA86382,MC_Sthd_abvMCN,2013,1,0,0,0
2015,,3D9.1C2D9CB365,MC_Sthd_abvMCN,2013,1,1,0,1
2015,,3DD.003B9D45AC,MC_Sthd_abvMCN,2013,1,1,0,1
2015,,3D9.1C2DDAC098,MC_Sthd_abvMCN,2013,1,1,0,0
2015,,3D9.1C2D9E219F,MC_Sthd_abvMCN,2013,1,1,0,1
2015,,3D9.1C2DB157DF,MC_Sthd_abvMCN,2013,1,1,0,0
2015,,3D9.1C2D9BCC03,MC_Sthd_abvMCN,2013,1,1,0,1
2015,,3D9.1C2DB00D2F,MC_Sthd_abvMCN,2013,1,1,0,1
2015,,3D9.1C2DDA8087,MC_Sthd_abvMCN,2013,1,1,0,1
2015,,3D9.1C2D9DD2B4,MC_Sthd_abvMCN,2013,1,1,0,1
2015,,3D9.1C2DB74354,MC_Sthd_abvMCN,2013,1,0,0,0
2015,,3D9.1C2DAFFF1C,MC_Sthd_abvMCN,2013,1,1,0,0
2015,,3D9.1C2DAFE4F2,MC_Sthd_abvMCN,2013,1,1,0,0
2015,,3D9.1C2D7C98EF,MC_Sthd_abvMCN,2013,1,1,0,1
2015,,3D9.1C2DAD7506,MC_Sthd_abvMCN,2013,1,0,0,0
2015,,3DD.003B9D3D18,MC_Sthd_abvMCN,2013,1,1,0,1
2015,,3D9.1C2DE91DA5,MC_Sthd_abvMCN,2013,1,1,0,0
2015,,3D9.1C2CF71700,MC_Sthd_abvMCN,2013,1,0,0,0
2015,,3D9.1C2DB8470B,MC_Sthd_abvMCN,2013,1,1,0,1
2015,,3D9.1C2D0519A2,MC_Sthd_abvMCN,2013,1,1,0,1
2015,,3D9.1C2DA84903,MC_Sthd_abvMCN,2013,1,1,0,1
2015,,3D9.1C2D7C9263,MC_Sthd_abvMCN,2013,1,0,0,0
2015,,3D9.1C2D3711E5,MC_Sthd_abvMCN,2013,1,1,0,1
2015,,3D9.1C2E05FAAE,MC_Sthd_abvMCN,2013,1,1,0,0
2015,,3D9.1C2DB85B2C,MC_Sthd_abvMCN,2013,1,1,0,1
2015,,3DD.003B9D3C2B,MC_Sthd_abvMCN,2013,1,1,0,1
2015,,3D9.1C2DDB72FD,MC_Sthd_abvMCN,2013,1,0,0,0
2015,,3D9.1C2D9DCEB5,MC_Sthd_abvMCN,2013,1,1,0,1
2015,,3D9.1C2CFEC0A9,MC_Sthd_abvMCN,2013,1,1,0,1
2015,,3D9.1C2DBFBAB9,MC_Sthd_abvMCN,2013,1,1,0,1
2015,,3D9.1C2DD9C506,MC_Sthd_abvMCN,2013,1,1,0,0
2015,,3D9.1C2DAD4925,MC_Sthd_abvMCN,2013,1,1,0,1
2015,,3D9.1C2D9DE763,MC_Sthd_abvMCN,2013,1,1,0,1
2015,,3D9.1C2D9B4767,MC_Sthd_abvMCN,2013,1,1,0,1
2015,,3D9.1C2DE8F51E,MC_Sthd_abvMCN,2013,1,1,0,1
2015,,3D9.1C2DAEDABD,MC_Sthd_abvMCN,2013,1,1,0,1
2015,,3DD.003B9D4D21,MC_Sthd_abvMCN,2013,1,1,0,1
2015,,3D9.1C2DAEDBBF,MC_Sthd_abvMCN,2013,1,1,0,1
2015,,3D9.1C2DDA552C,MC_Sthd_abvMCN,2013,1,1,0,1
2015,,3D9.1C2DAC4159,MC_Sthd_abvMCN,2013,1,1,0,1
2015,,3D9.1C2DDA3835,MC_Sthd_abvMCN,2013,1,1,0,1
2015,,3D9.1C2DBC0AD3,MC_Sthd_abvMCN,2013,1,1,0,1
2015,,3D9.1C2DAD4920,MC_Sthd_abvMCN,2013,1,1,0,1
2015,,3D9.1C2DBB90F0,MC_Sthd_abvMCN,2013,1,0,0,1
2015,,3DD.003B9D3F5F,MC_Sthd_abvMCN,2013,1,1,0,1
2015,,3D9.1C2DDA1821,MC_Sthd_abvMCN,2013,1,1,0,1
2015,,3D9.1C2DAEE026,MC_Sthd_abvMCN,2013,1,0,0,0
2015,,3D9.1C2DE95E4B,MC_Sthd_abvMCN,2013,1,0,0,0
2015,,3D9.1C2DD9FBB1,MC_Sthd_abvMCN,2013,1,1,0,1
2015,,3D9.1C2D02288F,MC_Sthd_abvMCN,2013,1,1,0,1
2015,,3D9.1C2D53D8F6,MC_Sthd_abvMCN,2013,1,1,0,1
2015,,3D9.1C2DA84F8F,MC_Sthd_abvMCN,2013,1,1,0,1
2015,,3D9.1C2D54B1D6,MC_Sthd_abvMCN,2013,1,1,0,1
2015,,3D9.1C2D9C60E0,MC_Sthd_abvMCN,2013,1,1,0,1
2015,,3DD.003B9D410D,MC_Sthd_abvMCN,2013,1,0,0,0
2015,,3D9.1C2DAEE321,MC_Sthd_abvMCN,2013,1,1,0,1
2015,,3D9.1C2CFE6878,MC_Sthd_abvMCN,2013,1,1,0,1
2015,,3D9.1C2D7D7820,MC_Sthd_abvMCN,2013,1,1,0,1
2015,,3D9.1C2DB84173,MC_Sthd_abvMCN,2013,1,1,0,1
2015,,3D9.1C2D806604,MC_Sthd_abvMCN,2013,1,0,0,0
2015,,3DD.003B9D3FB3,MC_Sthd_abvMCN,2013,1,1,0,1
2015,,3D9.1C2D051C7B,MC_Sthd_abvMCN,2013,1,1,0,0
2015,,3D9.1C2DAECFBA,MC_Sthd_abvMCN,2013,1,1,0,1
2015,,3D9.1C2CF072FF,MC_Sthd_abvMCN,2013,1,1,0,1
2015,,3DD.003B9D4F64,MC_Sthd_abvMCN,2013,1,1,0,1
2016,,3D9.1C2DAE7D7B,MC_Sthd_abvMCN,2013,1,1,0,0
2016,,3D9.1C2DAEE32A,MC_Sthd_abvMCN,2013,1,1,0,1
2016,,3D9.1C2DAECFBA,MC_Sthd_abvMCN,2013,1,1,0,1
2016,,3D9.1C2DDA0110,MC_Sthd_abvMCN,2013,1,1,0,1
2016,,3D9.1C2E057F1B,MC_Sthd_abvMCN,2013,1,1,0,1
2016,,3D9.1C2DDA8F55,MC_Sthd_abvMCN,2013,1,1,0,1
2016,,384.3B23A8AD86,MC_Sthd_abvMCN,2014,1,1,0,1
2016,,384.3B23A81F43,MC_Sthd_abvMCN,2014,1,1,0,1
2016,,384.3B23A8955B,MC_Sthd_abvMCN,2014,1,1,0,1
2016,,3D9.1C2DEA1A62,MC_Sthd_abvMCN,2014,1,1,0,1
2016,,384.3B23AA0FFE,MC_Sthd_abvMCN,2014,1,1,0,1
2016,,3D9.1C2DDA6C6B,MC_Sthd_abvMCN,2014,1,1,0,1
2016,,384.3B23A9B977,MC_Sthd_abvMCN,2014,1,1,0,0
2016,,3D9.1C2DFF8FE4,MC_Sthd_abvMCN,2014,1,1,0,1
2016,,384.3B23A83AE3,MC_Sthd_abvMCN,2014,1,1,0,1
2016,,3D9.1C2DBC13CC,MC_Sthd_abvMCN,2014,1,1,0,1
2016,,384.3B23A94F55,MC_Sthd_abvMCN,2014,1,1,0,1
2016,,384.3B23A85CB3,MC_Sthd_abvMCN,2014,1,1,0,1
2016,,3D9.1C2E0914B5,MC_Sthd_abvMCN,2014,1,1,0,1
2016,,3D9.1C2DF83D9A,MC_Sthd_abvMCN,2014,1,1,0,1
2016,,384.3B23A94F34,MC_Sthd_abvMCN,2014,1,1,0,1
2016,,384.3B23A94BC0,MC_Sthd_abvMCN,2014,1,1,0,0
2016,,3D9.1C2E093F81,MC_Sthd_abvMCN,2014,1,1,0,1
2016,,3D9.1C2E09A688,MC_Sthd_abvMCN,2014,1,1,0,1
2016,,384.3B23A94BBD,MC_Sthd_abvMCN,2014,1,0,0,0
2016,,3D9.1C2DE37E76,MC_Sthd_abvMCN,2014,1,1,0,1
2016,,384.3B23A7D3E0,MC_Sthd_abvMCN,2014,1,1,0,1
2016,,384.3B23A8D683,MC_Sthd_abvMCN,2014,1,1,0,1
2016,,384.3B23A91B96,MC_Sthd_abvMCN,2014,1,1,0,1
2016,,384.3B23A87DEA,MC_Sthd_abvMCN,2014,1,0,0,0
2016,,384.3B23A97DA6,MC_Sthd_abvMCN,2014,1,1,0,0
2016,,384.3B23A8675D,MC_Sthd_abvMCN,2014,1,1,0,1
2016,,3D9.1C2DE863F0,MC_Sthd_abvMCN,2014,1,1,0,1
2016,,3D9.1C2DE903AF,MC_Sthd_abvMCN,2014,1,1,0,1
2016,,384.3B23A8D9A4,MC_Sthd_abvMCN,2014,1,1,0,1
2016,,3D9.1C2DDA834B,MC_Sthd_abvMCN,2014,1,1,0,1
2016,,3D9.1C2E0A188B,MC_Sthd_abvMCN,2014,1,1,0,1
2016,,384.3B23A85C72,MC_Sthd_abvMCN,2014,1,1,0,1
2016,,3D9.1C2DF0BD80,MC_Sthd_abvMCN,2014,1,1,0,1
2016,,384.3B23A8C8AF,MC_Sthd_abvMCN,2014,1,0,0,0
2016,,3D9.1C2DF0F3EB,MC_Sthd_abvMCN,2014,1,0,0,0
2016,,3D9.1C2DF0FB30,MC_Sthd_abvMCN,2014,1,1,0,1
2016,,384.3B23AA21A6,MC_Sthd_abvMCN,2014,1,1,0,1
2016,,384.3B23A9D932,MC_Sthd_abvMCN,2014,1,1,0,1
2016,,384.3B23A9DD5E,MC_Sthd_abvMCN,2014,1,1,0,1
2016,,384.3B23A8ED16,MC_Sthd_abvMCN,2014,1,1,0,1
2016,,3D9.1C2DDB54E1,MC_Sthd_abvMCN,2014,1,0,0,0
2016,,384.3B23A8E529,MC_Sthd_abvMCN,2014,1,1,0,1
2016,,384.3B23A880E1,MC_Sthd_abvMCN,2014,1,0,0,0
2016,,3D9.1C2DA628A4,MC_Sthd_abvMCN,2014,1,1,0,1
2016,,384.3B23A85D71,MC_Sthd_abvMCN,2014,1,1,0,1
2016,,384.3B23AEFF6F,MC_Sthd_abvMCN,2014,1,0,0,0
2016,,384.3B23A9DD6B,MC_Sthd_abvMCN,2014,1,1,0,1
2016,,3D9.1C2DDB54C0,MC_Sthd_abvMCN,2014,1,1,0,1
2016,,384.3B23A9C3AF,MC_Sthd_abvMCN,2014,1,0,0,0
2016,,384.3B23A7F372,MC_Sthd_abvMCN,2014,1,1,0,1
2016,,3D9.1C2DE88E0F,MC_Sthd_abvMCN,2014,1,1,0,1
2016,,384.3B23A93D54,MC_Sthd_abvMCN,2014,1,1,0,1
2016,,3D9.1C2E05D4F7,MC_Sthd_abvMCN,2014,1,1,0,1
2016,,384.3B23AA2C8B,MC_Sthd_abvMCN,2014,1,1,0,1
2016,,3D9.1C2DDA7E51,MC_Sthd_abvMCN,2014,1,1,0,1
2016,,384.3B23A98219,MC_Sthd_abvMCN,2014,1,1,0,1
2016,,3D9.1C2DD9FD98,MC_Sthd_abvMCN,2014,1,1,0,1
2016,,384.3B23A8889C,MC_Sthd_abvMCN,2014,1,1,0,1
2016,,384.3B23AA0FD5,MC_Sthd_abvMCN,2014,1,1,0,1
2016,,384.3B23A9D00F,MC_Sthd_abvMCN,2014,1,1,0,1
2016,,384.3B23A7E8EB,MC_Sthd_abvMCN,2014,1,1,0,1
2016,,3D9.1C2DF529C6,MC_Sthd_abvMCN,2014,1,1,0,1
2016,,3D9.1C2E08FFC4,MC_Sthd_abvMCN,2014,1,1,0,1
2016,,3D9.1C2DE3B207,MC_Sthd_abvMCN,2014,1,1,0,1
2016,,384.3B23A9B9C2,MC_Sthd_abvMCN,2014,1,0,0,0
2016,,384.3B23A8FE06,MC_Sthd_abvMCN,2014,1,1,0,1
2016,,384.3B23A9257E,MC_Sthd_abvMCN,2014,1,1,0,1
2017,,3D9.1C2DBC13CC,MC_Sthd_abvMCN,2014,1,1,0,1
2017,,384.3B23A7B970,MC_Sthd_abvMCN,2015,1,0,0,0
2017,,3DD.0077432B2B,MC_Sthd_abvMCN,2015,1,1,0,1
2017,,3DD.0077498485,MC_Sthd_abvMCN,2015,1,1,0,1
2017,,3DD.0077431322,MC_Sthd_abvMCN,2015,1,0,0,0
2017,,384.3B23B1FC5E,MC_Sthd_abvMCN,2015,1,1,0,1
2017,,3D9.1C2DDB38C9,MC_Sthd_abvMCN,2015,1,1,0,1
2017,,3DD.00774A6526,MC_Sthd_abvMCN,2015,1,1,0,1
2017,,384.3B23A6F7D8,MC_Sthd_abvMCN,2015,1,1,0,1
2017,,3DD.0077438DAC,MC_Sthd_abvMCN,2015,1,1,0,1
2017,,3D9.1C2DDA740C,MC_Sthd_abvMCN,2015,1,1,0,1
2017,,3DD.0077498BB7,MC_Sthd_abvMCN,2015,1,1,0,1
2017,,3D9.1C2DDA3316,MC_Sthd_abvMCN,2015,1,1,0,1
2017,,3DD.0077498E2B,MC_Sthd_abvMCN,2015,1,1,0,1
2017,,3DD.0077497311,MC_Sthd_abvMCN,2015,1,0,0,0
2017,,3D9.1C2DD9E07D,MC_Sthd_abvMCN,2015,1,1,0,1
2017,,3D9.1C2DDA627C,MC_Sthd_abvMCN,2015,1,1,0,1
2017,,3DD.0077492C2B,MC_Sthd_abvMCN,2015,1,1,0,1
2017,,3DD.007743DF86,MC_Sthd_abvMCN,2015,1,1,0,1
2017,,384.3B23A497E0,MC_Sthd_abvMCN,2015,1,1,0,1
2017,,3DD.0077498ED0,MC_Sthd_abvMCN,2015,1,1,0,0
2017,,384.3B23A41A91,MC_Sthd_abvMCN,2015,1,1,0,1
2017,,3DD.007743BB9C,MC_Sthd_abvMCN,2015,1,1,0,1
2017,,3D9.1C2DDA93C4,MC_Sthd_abvMCN,2015,1,0,0,0
2018,,3DD.0077870668,MC_Sthd_abvMCN,2016,1,1,1,1
2018,,3DD.0077558897,MC_Sthd_abvMCN,2016,1,0,0,0
2018,,3DD.00778711D2,MC_Sthd_abvMCN,2016,1,1,1,1
2018,,3DD.0077881220,MC_Sthd_abvMCN,2016,1,1,1,1
2018,,3DD.00773A2855,MC_Sthd_abvMCN,2016,1,0,0,0
2018,,3DD.007774C568,MC_Sthd_abvMCN,2016,1,0,0,0
2018,,3DD.0077499E09,MC_Sthd_abvMCN,2016,1,0,0,0
2018,,3DD.00773AF8B0,MC_Sthd_abvMCN,2016,1,1,1,1
2018,,3DD.00773A67CB,MC_Sthd_abvMCN,2016,1,1,1,1
2018,,3DD.00777559AD,MC_Sthd_abvMCN,2016,1,0,0,0
2018,,3DD.007772CFD6,MC_Sthd_abvMCN,2016,1,1,1,1
2018,,3DD.007774F55E,MC_Sthd_abvMCN,2016,1,1,1,1
2018,,3DD.007774DAE3,MC_Sthd_abvMCN,2016,1,1,0,0
2018,,3DD.0077561DA4,MC_Sthd_abvMCN,2016,1,0,0,0
2018,,3DD.0077755A5D,MC_Sthd_abvMCN,2016,1,0,0,0
2018,,3DD.00777506FC,MC_Sthd_abvMCN,2016,1,1,1,1
2018,,3DD.00774A00C3,MC_Sthd_abvMCN,2016,1,1,1,1
2018,,3DD.00773B0FB9,MC_Sthd_abvMCN,2016,1,1,1,1
2018,,3DD.0077496560,MC_Sthd_abvMCN,2016,1,0,0,0
2018,,3DD.007775393A,MC_Sthd_abvMCN,2016,1,1,1,1
2018,,3DD.007771CC0E,MC_Sthd_abvMCN,2016,1,0,0,0
2018,,384.3B23A8BBDA,MC_Sthd_abvMCN,2016,1,1,1,1
2018,,3DD.007748A997,MC_Sthd_abvMCN,2016,1,1,1,1
2018,,3DD.007787C2AC,MC_Sthd_abvMCN,2016,1,1,1,1
2018,,3DD.007786F79D,MC_Sthd_abvMCN,2016,1,1,1,1
2018,,3D9.1C2DDAD982,MC_Sthd_abvMCN,2016,1,1,1,1
2018,,3DD.00773A23F7,MC_Sthd_abvMCN,2016,1,1,1,1
2018,,384.3B23A91842,MC_Sthd_abvMCN,2016,1,1,1,1
2018,,3DD.00774A574B,MC_Sthd_abvMCN,2016,1,1,1,1
2018,,3DD.007786ECE8,MC_Sthd_abvMCN,2016,1,1,1,1
2018,,3DD.007787DDB7,MC_Sthd_abvMCN,2016,1,1,1,1
2018,,3DD.00778894B6,MC_Sthd_abvMCN,2016,1,1,1,1
2018,,384.3B23A6FB76,MC_Sthd_abvMCN,2016,1,1,1,1
2018,,3DD.0077873D1C,MC_Sthd_abvMCN,2016,1,1,1,1
2018,,3DD.007786ED8F,MC_Sthd_abvMCN,2016,1,1,1,1
2018,,3DD.007787CCCD,MC_Sthd_abvMCN,2016,1,1,1,1
2018,,3D9.1C2DDADA72,MC_Sthd_abvMCN,2016,1,1,1,1
2018,,3DD.0077874509,MC_Sthd_abvMCN,2016,1,0,0,0
2018,,3DD.0077494BC9,MC_Sthd_abvMCN,2016,1,1,1,1
2018,,3DD.0077873AB3,MC_Sthd_abvMCN,2016,1,1,1,1
2019,,3DD.007747C98A,MC_Sthd_abvMCN,2016,1,1,1,1
2019,,3DD.007749E44E,MC_Sthd_abvMCN,2016,1,1,1,1
2019,,3DD.0077730A8C,MC_Sthd_abvMCN,2016,1,1,1,1
2019,,3DD.007764CD05,MC_Sthd_abvMCN,2017,1,1,1,1
2019,,3DD.007757ADCD,MC_Sthd_abvMCN,2017,1,1,1,1
2019,,3DD.0077578A59,MC_Sthd_abvMCN,2017,1,0,0,0
2019,,3DD.0077877964,MC_Sthd_abvMCN,2017,1,1,1,1
2019,,3DD.0077B6E67A,MC_Sthd_abvMCN,2017,1,1,1,1
2019,,3DD.007789F143,MC_Sthd_abvMCN,2017,1,1,1,1
2019,,3DD.007775587F,MC_Sthd_abvMCN,2017,1,1,0,0
2019,,3DD.00777E5B5D,MC_Sthd_abvMCN,2017,1,1,1,1
2019,,3DD.00777EF311,MC_Sthd_abvMCN,2017,1,0,0,0
2019,,3DD.0077759659,MC_Sthd_abvMCN,2017,1,1,1,1
2019,,3DD.0077885E65,MC_Sthd_abvMCN,2017,1,1,1,0
2019,,3DD.00777DE471,MC_Sthd_abvMCN,2017,1,1,1,1
2019,,3DD.0077B6A4C9,MC_Sthd_abvMCN,2017,1,1,0,0
2019,,3DD.00777E7A78,MC_Sthd_abvMCN,2017,1,1,1,1
2019,,3DD.007757CF74,MC_Sthd_abvMCN,2017,1,1,1,1
2019,,3DD.007788D8F7,MC_Sthd_abvMCN,2017,1,1,1,1
2019,,3DD.007764996C,MC_Sthd_abvMCN,2017,1,1,1,1
2019,,3DD.00778926DD,MC_Sthd_abvMCN,2017,1,1,1,1
2019,,3DD.00778932CB,MC_Sthd_abvMCN,2017,1,1,1,1
2019,,3DD.00777E4546,MC_Sthd_abvMCN,2017,1,1,0,0
2019,,3DD.0077655FC6,MC_Sthd_abvMCN,2017,1,1,1,1
2019,,3DD.00777EB0D1,MC_Sthd_abvMCN,2017,1,1,1,1
2019,,3DD.00777F55A6,MC_Sthd_abvMCN,2017,1,1,1,1
2019,,3DD.007765831C,MC_Sthd_abvMCN,2017,1,1,1,1
2019,,3DD.0077636277,MC_Sthd_abvMCN,2017,1,1,1,1
2019,,3DD.00778A8F81,MC_Sthd_abvMCN,2017,1,0,0,0
2019,,3DD.00777DB488,MC_Sthd_abvMCN,2017,1,1,1,1
2019,,3DD.0077B6F3F7,MC_Sthd_abvMCN,2017,1,1,0,1
2019,,3DD.00777E5052,MC_Sthd_abvMCN,2017,1,1,1,1
2019,,3DD.007776AB56,MC_Sthd_abvMCN,2017,1,1,1,1
2019,,3DD.007787499E,MC_Sthd_abvMCN,2017,1,1,1,1
2019,,3DD.0077871E60,MC_Sthd_abvMCN,2017,1,0,0,0
2019,,3DD.0077ADF727,MC_Sthd_abvMCN,2017,1,1,1,1
2019,,3DD.0077755B08,MC_Sthd_abvMCN,2017,1,1,1,1
2019,,3DD.0077ADB8B2,MC_Sthd_abvMCN,2017,1,1,1,1
2019,,3DD.0077B6BC56,MC_Sthd_abvMCN,2017,1,1,1,1
2019,,3DD.00775882B5,MC_Sthd_abvMCN,2017,1,1,1,1
2019,,3DD.0077AE1513,MC_Sthd_abvMCN,2017,1,1,1,1
2019,,3DD.0077653AFC,MC_Sthd_abvMCN,2017,1,1,0,1
2019,,3DD.0077659DCE,MC_Sthd_abvMCN,2017,1,1,1,1
2019,,3DD.00778864BB,MC_Sthd_abvMCN,2017,1,1,1,1
2019,,3DD.00777D72D4,MC_Sthd_abvMCN,2017,1,1,0,0
2019,,3DD.0077871B8F,MC_Sthd_abvMCN,2017,1,1,1,1
2019,,3DD.0077873AF9,MC_Sthd_abvMCN,2017,1,1,1,1
2019,,3DD.0077AF52D7,MC_Sthd_abvMCN,2017,1,1,1,1
2019,,3DD.007789587D,MC_Sthd_abvMCN,2017,1,1,1,1
2019,,3DD.0077878143,MC_Sthd_abvMCN,2017,1,1,1,1
2019,,3DD.0077638CE9,MC_Sthd_abvMCN,2017,1,1,1,1
2019,,3DD.0077876E24,MC_Sthd_abvMCN,2017,1,1,1,1
2019,,3DD.007787D027,MC_Sthd_abvMCN,2017,1,1,1,1
2019,,3DD.007788A60D,MC_Sthd_abvMCN,2017,1,1,1,1
2020,,3DD.007765261D,MC_Sthd_abvMCN,2017,1,1,1,1
2020,,3DD.007764ADF7,MC_Sthd_abvMCN,2017,1,1,1,1
2020,,3DD.00777DA736,MC_Sthd_abvMCN,2017,1,1,1,1
2020,,3DD.007765AB12,MC_Sthd_abvMCN,2017,1,1,1,1
2020,,3DD.00776389D7,MC_Sthd_abvMCN,2017,1,1,1,1
2020,,3DD.0077ADFCEE,MC_Sthd_abvMCN,2018,1,1,1,1
2020,,3DD.0077A9CC42,MC_Sthd_abvMCN,2018,1,1,0,0
2020,,3DD.0077925785,MC_Sthd_abvMCN,2018,1,1,1,1
2020,,3DD.007794532C,MC_Sthd_abvMCN,2018,1,1,1,1
2020,,3DD.0077AE437C,MC_Sthd_abvMCN,2018,1,1,1,1
2020,,3DD.00779DF1A7,MC_Sthd_abvMCN,2018,1,1,1,1
2020,,3DD.0077B8EA91,MC_Sthd_abvMCN,2018,1,1,1,1
2020,,3DD.0077AE9FD3,MC_Sthd_abvMCN,2018,1,1,0,1
2020,,3DD.00779E0426,MC_Sthd_abvMCN,2018,1,1,1,1
2020,,3DD.00778435FB,MC_Sthd_abvMCN,2018,1,0,0,0
2020,,3DD.0077D8640E,MC_Sthd_abvMCN,2018,1,0,0,0
2020,,3DD.0077D829B1,MC_Sthd_abvMCN,2018,1,0,0,0
2020,,3DD.00779E5E8A,MC_Sthd_abvMCN,2018,1,1,1,1
2020,,3DD.0077D89776,MC_Sthd_abvMCN,2018,1,1,1,1
2020,,3DD.0077AEEA83,MC_Sthd_abvMCN,2018,1,1,1,1
2020,,3DD.0077B8A04A,MC_Sthd_abvMCN,2018,1,1,1,1
2020,,3DD.0077B8CBDA,MC_Sthd_abvMCN,2018,1,1,1,1
2020,,3DD.007786EFCB,MC_Sthd_abvMCN,2018,1,1,1,1
2020,,3DD.0077BC3A6C,MC_Sthd_abvMCN,2018,1,1,1,1
2020,,3DD.00779473EE,MC_Sthd_abvMCN,2018,1,0,0,0
2020,,3DD.0077B7CA8F,MC_Sthd_abvMCN,2018,1,1,1,1
2020,,3DD.0077790DBA,MC_Sthd_abvMCN,2018,1,1,1,1
2020,,3DD.0077D8D69A,MC_Sthd_abvMCN,2018,1,0,0,0
2020,,3DD.00775F0285,MC_Sthd_abvMCN,2018,1,1,1,1
2020,,3DD.0077B8BAF5,MC_Sthd_abvMCN,2018,1,1,1,1
2020,,3DD.0077B8AD4B,MC_Sthd_abvMCN,2018,1,1,1,1
2020,,3DD.0077B8A0CB,MC_Sthd_abvMCN,2018,1,1,0,0
2020,,3DD.0077B8AE5F,MC_Sthd_abvMCN,2018,1,1,1,1
2020,,3DD.0077B88837,MC_Sthd_abvMCN,2018,1,1,1,1
2020,,3DD.0077D869F6,MC_Sthd_abvMCN,2018,1,1,1,1
2020,,3DD.00777A21C8,MC_Sthd_abvMCN,2018,1,1,1,0
2020,,3DD.0077B921C0,MC_Sthd_abvMCN,2018,1,1,1,1
2020,,3DD.0077BC77C1,MC_Sthd_abvMCN,2018,1,1,1,1
2020,,3DD.0077B8ADF8,MC_Sthd_abvMCN,2018,1,1,1,1
2020,,3DD.0077B7D090,MC_Sthd_abvMCN,2018,1,1,1,1
2020,,3DD.0077797F5A,MC_Sthd_abvMCN,2018,1,1,1,1
2020,,3DD.00779DFA0D,MC_Sthd_abvMCN,2018,1,1,1,1
2020,,3DD.00779E2D09,MC_Sthd_abvMCN,2018,1,1,0,0
2020,,3DD.00779E3976,MC_Sthd_abvMCN,2018,1,1,1,1
2020,,3DD.0077B66CA8,MC_Sthd_abvMCN,2018,1,1,1,1
2020,,3DD.00779223D6,MC_Sthd_abvMCN,2018,1,1,1,1
2020,,3DD.00779E6E3E,MC_Sthd_abvMCN,2018,1,1,1,1
2020,,3DD.00773A3195,MC_Sthd_abvMCN,2018,1,1,1,1
2020,,3DD.0077B5DD15,MC_Sthd_abvMCN,2018,1,1,1,0
2020,,3DD.007783579B,MC_Sthd_abvMCN,2018,1,1,0,1
2020,,3DD.0077778FF8,MC_Sthd_abvMCN,2018,1,1,1,1
2020,,3DD.0077D8AB73,MC_Sthd_abvMCN,2018,1,1,1,1
2020,,3DD.0077D863D7,MC_Sthd_abvMCN,2018,1,0,0,0
2020,,3DD.007739F7EF,MC_Sthd_abvMCN,2018,1,1,1,0
2020,,3DD.0077B8AAB6,MC_Sthd_abvMCN,2018,1,0,0,0
2020,,3DD.0077B6241C,MC_Sthd_abvMCN,2018,1,1,1,1
2020,,3DD.00773A3177,MC_Sthd_abvMCN,2018,1,1,1,1
2020,,3DD.00779DD58A,MC_Sthd_abvMCN,2018,1,1,0,1
2020,,3DD.0077776A22,MC_Sthd_abvMCN,2018,1,1,1,1
2020,,3DD.00779E3935,MC_Sthd_abvMCN,2018,1,1,1,1
2020,,3DD.0077AFB406,MC_Sthd_abvMCN,2018,1,1,1,1
2020,,3DD.0077D88C8D,MC_Sthd_abvMCN,2018,1,1,1,1
2020,,3DD.0077B5E79F,MC_Sthd_abvMCN,2018,1,1,1,1
2020,,3DD.00773A0277,MC_Sthd_abvMCN,2018,1,1,1,1
2020,,3DD.0077B658C9,MC_Sthd_abvMCN,2018,1,1,1,1
2020,,3DD.0077D85C6E,MC_Sthd_abvMCN,2018,1,1,0,0
2021,,3DD.0077ADE107,MC_Sthd_abvMCN,2018,1,0,0,0
2021,,3DD.0077AE5F61,MC_Sthd_abvMCN,2018,1,1,1,1
2021,,3DD.0077670AA9,MC_Sthd_abvMCN,2019,1,1,1,1
2021,,3DD.00776530F6,MC_Sthd_abvMCN,2019,1,0,0,0
2021,,3DD.0077C6ABB6,MC_Sthd_abvMCN,2019,1,0,0,0
2021,,3DD.0077B6021B,MC_Sthd_abvMCN,2019,1,1,1,0
2021,,384.3B23951BF7,MC_Sthd_abvMCN,2019,1,1,1,1
2021,,3DD.007767EAAD,MC_Sthd_abvMCN,2019,1,1,1,1
2021,,3DD.0077D831F3,MC_Sthd_abvMCN,2019,1,1,1,1
2021,,3DD.0077C6FB13,MC_Sthd_abvMCN,2019,1,1,1,1
2021,,3DD.0077679509,MC_Sthd_abvMCN,2019,1,1,1,1
2021,,3DD.0077ADF3E0,MC_Sthd_abvMCN,2019,1,1,1,1
2021,,3DD.00775F6256,MC_Sthd_abvMCN,2019,1,0,0,0
2021,,3DD.0077D91805,MC_Sthd_abvMCN,2019,1,1,1,0
2021,,3DD.0077C6FDE9,MC_Sthd_abvMCN,2019,1,1,1,1
2021,,3D9.1BF13D13E2,MC_Sthd_abvMCN,2019,1,1,1,1
2021,,3DD.007766C5B1,MC_Sthd_abvMCN,2019,1,1,1,1
2021,,3DD.0077D9769A,MC_Sthd_abvMCN,2019,1,1,1,1
2021,,384.3B23963247,MC_Sthd_abvMCN,2019,1,1,1,1
2021,,3DD.0077C72916,MC_Sthd_abvMCN,2019,1,1,0,1
2022,,3DD.0077BD8ACC,MC_Sthd_abvMCN,2019,1,1,1,1
2022,,3DD.0077E51601,MC_Sthd_abvMCN,2019,1,1,1,1
2022,,3DD.0077C6AD4E,MC_Sthd_abvMCN,2019,1,0,0,0
2022,,3DD.0077C654E4,MC_Sthd_abvMCN,2019,1,0,0,0
2022,,3DD.0077BD1A38,MC_Sthd_abvMCN,2019,1,1,1,1
2022,,3D9.1BF156E508,MC_Sthd_abvMCN,2019,1,1,1,1
2022,,3DD.0077BCDD48,MC_Sthd_abvMCN,2020,1,1,1,1
2022,,3DD.0077B6EAEC,MC_Sthd_abvMCN,2020,1,0,0,0
2022,,3DD.0077D228EB,MC_Sthd_abvMCN,2020,1,1,1,1
2022,,3DD.0077BD199B,MC_Sthd_abvMCN,2020,1,1,1,1
2022,,3DD.0077B6D126,MC_Sthd_abvMCN,2020,1,1,1,1
2022,,3DD.00779471CB,MC_Sthd_abvMCN,2020,1,1,1,1
2022,,3DD.0077BD2812,MC_Sthd_abvMCN,2020,1,0,0,0
2022,,3DD.003D2F42E2,MC_Sthd_abvMCN,2020,1,1,1,1
2022,,3DD.0077BD4597,MC_Sthd_abvMCN,2020,1,1,0,0
2022,,3DD.003D2F47FD,MC_Sthd_abvMCN,2020,1,1,1,1
2022,,3DD.0077D6054F,MC_Sthd_abvMCN,2020,1,1,1,1
2022,,3DD.0077C4AF7E,MC_Sthd_abvMCN,2020,1,1,1,1
2022,,3DD.0077BDC76E,MC_Sthd_abvMCN,2020,1,0,0,0
2022,,3DD.0077BD5808,MC_Sthd_abvMCN,2020,1,1,1,1
2022,,3DD.0077BD3F86,MC_Sthd_abvMCN,2020,1,1,1,1
2022,,3DD.0077BD75BB,MC_Sthd_abvMCN,2020,1,1,1,1
2022,,3DD.0077BD2CE1,MC_Sthd_abvMCN,2020,1,0,0,0
2022,,3DD.0077BD9E0A,MC_Sthd_abvMCN,2020,1,1,1,1
2022,,3DD.0077BCE24D,MC_Sthd_abvMCN,2020,1,1,1,1
2022,,3DD.0077BDE3BE,MC_Sthd_abvMCN,2020,1,1,0,0
2022,,3DD.0077AE1DC6,MC_Sthd_abvMCN,2020,1,1,1,1
2022,,3DD.003D31BC3A,MC_Sthd_abvMCN,2020,1,1,1,1
2022,,3DD.0077BCE40B,MC_Sthd_abvMCN,2020,1,1,1,1
2022,,3DD.003D36DA31,MC_Sthd_abvMCN,2020,1,0,0,0
2022,,3DD.0077ADB724,MC_Sthd_abvMCN,2020,1,1,1,1
2022,,3DD.0077BD2C9C,MC_Sthd_abvMCN,2020,1,1,1,0
2022,,3DD.0077ADDED6,MC_Sthd_abvMCN,2020,1,1,1,1
2022,,3DD.0077B69E5F,MC_Sthd_abvMCN,2020,1,1,1,1
2022,,3DD.0077BD318F,MC_Sthd_abvMCN,2020,1,1,1,1
2022,,3DD.0077BD1F3C,MC_Sthd_abvMCN,2020,1,1,1,1
2022,,3DD.0077BD13F0,MC_Sthd_abvMCN,2020,1,1,1,1
2022,,3DD.007766AE59,MC_Sthd_abvMCN,2020,1,1,1,1
2022,,3DD.0077BD45BE,MC_Sthd_abvMCN,2020,1,1,1,1
2022,,3DD.0077BD002D,MC_Sthd_abvMCN,2020,1,1,1,0
2022,,3DD.0077BD0976,MC_Sthd_abvMCN,2020,1,1,1,1
2022,,3DD.0077BD0808,MC_Sthd_abvMCN,2020,1,1,1,1
2022,,3DD.007766F954,MC_Sthd_abvMCN,2020,1,1,1,1
2022,,3DD.0077BCC568,MC_Sthd_abvMCN,2020,1,1,1,1
2022,,3DD.007794808F,MC_Sthd_abvMCN,2020,1,0,0,0
2022,,3DD.0077DC8741,MC_Sthd_abvMCN,2020,1,1,1,1
2022,,3DD.0077BCBBE5,MC_Sthd_abvMCN,2020,1,1,1,1
2022,,3DD.0077BCD592,MC_Sthd_abvMCN,2020,1,1,1,1
2022,,3DD.0077BCCD0C,MC_Sthd_abvMCN,2020,1,0,0,0
2022,,3DD.0077BD2D22,MC_Sthd_abvMCN,2020,1,1,1,1
2022,,3DD.0077BD21CB,MC_Sthd_abvMCN,2020,1,1,1,1
2022,,3DD.0077BDCF23,MC_Sthd_abvMCN,2020,1,1,1,1
2022,,3DD.0077BCBB17,MC_Sthd_abvMCN,2020,1,1,1,1
2022,,3DD.0077BD465A,MC_Sthd_abvMCN,2020,1,1,1,1
2022,,3DD.0077BCC680,MC_Sthd_abvMCN,2020,1,1,1,1
2022,,3DD.0077BDAF5F,MC_Sthd_abvMCN,2020,1,1,1,1
2022,,3DD.0077B65765,MC_Sthd_abvMCN,2020,1,1,1,1
2022,,3DD.003D31BBDE,MC_Sthd_abvMCN,2020,1,1,1,1
2022,,3DD.0077BD1BFD,MC_Sthd_abvMCN,2020,1,1,1,1
2023,,3DD.0077BD91FB,MC_Sthd_abvMCN,2020,1,1,1,1
2023,,3DD.0077BD2556,MC_Sthd_abvMCN,2020,1,1,1,1
2023,,3DD.003D45F9F1,MC_Sthd_abvMCN,2021,1,1,1,1
2023,,3DD.003D498C17,MC_Sthd_abvMCN,2021,1,1,1,1
2023,,3DD.003D45DF88,MC_Sthd_abvMCN,2021,1,1,1,1
2023,,3DD.0077DBCEEB,MC_Sthd_abvMCN,2021,1,1,1,1
2023,,3DD.0077BCBC1C,MC_Sthd_abvMCN,2021,1,0,0,0
2023,,3DD.0077D5BDB6,MC_Sthd_abvMCN,2021,1,1,1,1
2023,,3DD.003D8C2E65,MC_Sthd_abvMCN,2021,1,1,1,1
2023,,3DD.003D497A11,MC_Sthd_abvMCN,2021,1,1,1,1
2023,,3DD.0077BC56F9,MC_Sthd_abvMCN,2021,1,1,1,1
2023,,3DD.003D4990C1,MC_Sthd_abvMCN,2021,1,1,1,1
2023,,3DD.003D497F71,MC_Sthd_abvMCN,2021,1,1,1,1
2023,,3DD.0077BD3BF2,MC_Sthd_abvMCN,2021,1,0,0,0
2023,,3DD.0077932CDC,MC_Sthd_abvMCN,2021,1,1,1,1
2023,,3DD.0077BCCFAD,MC_Sthd_abvMCN,2021,1,1,1,1
2023,,3DD.003D4980A7,MC_Sthd_abvMCN,2021,1,1,1,1
2023,,3DD.007792A1E3,MC_Sthd_abvMCN,2021,1,1,1,1
2023,,3DD.0077D5C1E3,MC_Sthd_abvMCN,2021,1,1,1,1
2023,,3DD.003D45ED4F,MC_Sthd_abvMCN,2021,1,1,1,1
2023,,3DD.003D63E8EB,MC_Sthd_abvMCN,2021,1,0,0,0
2023,,3DD.003D8C34CD,MC_Sthd_abvMCN,2021,1,1,1,1
2023,,3DD.0077D5FCBA,MC_Sthd_abvMCN,2021,1,1,1,1
2023,,3DD.0077BCC567,MC_Sthd_abvMCN,2021,1,1,1,1
2023,,3DD.003D63F6A8,MC_Sthd_abvMCN,2021,1,0,0,0
2023,,3DD.003D49899F,MC_Sthd_abvMCN,2021,1,1,1,1
2023,,3DD.003D45F448,MC_Sthd_abvMCN,2021,1,1,1,1
2023,,3DD.0077BD4600,MC_Sthd_abvMCN,2021,1,0,0,0
2023,,3DD.003D45A380,MC_Sthd_abvMCN,2021,1,1,1,1
2023,,3DD.003D4994CB,MC_Sthd_abvMCN,2021,1,1,1,1
2023,,3DD.003D8C2AAD,MC_Sthd_abvMCN,2021,1,1,1,1
2023,,3DD.003D63F1A5,MC_Sthd_abvMCN,2021,1,1,1,1
2023,,3DD.007791A567,MC_Sthd_abvMCN,2021,1,0,0,0
2023,,3DD.003D45A38D,MC_Sthd_abvMCN,2021,1,1,1,1
2023,,3DD.003D498CFF,MC_Sthd_abvMCN,2021,1,1,1,1
2023,,3DD.0077C596EF,MC_Sthd_abvMCN,2021,1,1,1,0
2023,,3DD.003D63F7D8,MC_Sthd_abvMCN,2021,1,1,1,1
2023,,3DD.007792E82E,MC_Sthd_abvMCN,2021,1,1,1,1
2023,,3DD.003D63F44A,MC_Sthd_abvMCN,2021,1,1,1,1
2023,,3DD.003D63E9D2,MC_Sthd_abvMCN,2021,1,0,0,0
2023,,3DD.003D63EA7C,MC_Sthd_abvMCN,2021,1,1,1,1
2023,,3DD.0077D61248,MC_Sthd_abvMCN,2021,1,1,1,1
2023,,3DD.003D63F6CF,MC_Sthd_abvMCN,2021,1,1,1,1
2023,,3DD.003D4984B1,MC_Sthd_abvMCN,2021,1,1,1,1
2023,,3DD.0077BCB837,MC_Sthd_abvMCN,2021,1,1,0,0
2023,,3DD.003D63F93B,MC_Sthd_abvMCN,2021,1,1,1,1
2023,,3DD.0077BD4E0A,MC_Sthd_abvMCN,2021,1,1,1,1
2023,,3DD.003D45EE23,MC_Sthd_abvMCN,2021,1,1,1,0
2023,,3DD.003D64A1CC,MC_Sthd_abvMCN,2021,1,1,1,1
2023,,3DD.003D8258CB,MC_Sthd_abvMCN,2021,1,1,1,1
2023,,3DD.003D8C303C,MC_Sthd_abvMCN,2021,1,0,0,0
2023,,3DD.003D497E9D,MC_Sthd_abvMCN,2021,1,1,1,1
2023,,3DD.0077BDEE5F,MC_Sthd_abvMCN,2021,1,1,1,1
2023,,3DD.0077C4B866,MC_Sthd_abvMCN,2021,1,1,1,1
2023,,3DD.003D8258FC,MC_Sthd_abvMCN,2021,1,0,0,0
2023,,3DD.003D497FCD,MC_Sthd_abvMCN,2021,1,1,1,1
2023,,3DD.003D45E924,MC_Sthd_abvMCN,2021,1,1,1,1
2023,,3DD.003D497D1F,MC_Sthd_abvMCN,2021,1,1,1,1
2023,,3DD.003D63F2E7,MC_Sthd_abvMCN,2021,1,0,0,0
2023,,3DD.003D49888C,MC_Sthd_abvMCN,2021,1,0,0,0
2024,,3DD.003D498933,MC_Sthd_abvMCN,2021,1,1,1,1
2024,,3DD.003D8C33B8,MC_Sthd_abvMCN,2021,1,1,1,1
2024,,3DD.003D8C343C,MC_Sthd_abvMCN,2021,1,1,1,1
2024,,3DD.003D498C24,MC_Sthd_abvMCN,2021,1,1,1,1
2024,,3DD.003D497F71,MC_Sthd_abvMCN,2021,1,1,1,1
2024,,3DD.007791A4CA,MC_Sthd_abvMCN,2021,1,1,1,1
2024,,3DD.0077BCC567,MC_Sthd_abvMCN,2021,1,1,1,1
2024,,3DD.003D4986BC,MC_Sthd_abvMCN,2021,1,1,1,1
2024,,3DD.003D497F96,MC_Sthd_abvMCN,2021,1,1,1,1
2024,,3DD.003D4983BA,MC_Sthd_abvMCN,2021,1,1,1,1
2024,,3DD.003D8C2E04,MC_Sthd_abvMCN,2021,1,1,1,1
2024,,3DD.003D498219,MC_Sthd_abvMCN,2021,1,1,1,1
2024,,3DD.003D49992B,MC_Sthd_abvMCN,2021,1,1,1,1
2024,,3DD.003D8C34C2,MC_Sthd_abvMCN,2021,1,1,1,1
2024,,3DD.003D499A79,MC_Sthd_abvMCN,2021,1,1,1,1
2024,,3DD.0077928A07,MC_Sthd_abvMCN,2021,1,1,1,1
2024,,3DD.003D45F5F9,MC_Sthd_abvMCN,2021,1,1,1,1
2024,,3DD.003D8C347E,MC_Sthd_abvMCN,2021,1,1,1,1
2024,,3DD.003D2F4406,MC_Sthd_abvMCN,2021,1,1,1,1
2024,,3DD.003D8C3039,MC_Sthd_abvMCN,2021,1,1,1,1
2024,,3DD.003D49882D,MC_Sthd_abvMCN,2021,1,1,1,1
2024,,3DD.003D499174,MC_Sthd_abvMCN,2021,1,1,1,1
2024,,3DD.003D498332,MC_Sthd_abvMCN,2021,1,1,1,1
2024,,3DD.003D4992DF,MC_Sthd_abvMCN,2021,1,1,1,1
2024,,3DD.003D96AA56,MC_Sthd_abvMCN,2022,1,1,1,1
2024,,3DD.003D8C30AD,MC_Sthd_abvMCN,2022,1,1,1,1
2024,,3DD.003D8C1324,MC_Sthd_abvMCN,2022,1,0,0,0
2024,,3DD.003D96AB88,MC_Sthd_abvMCN,2022,1,1,1,1
2024,,3DD.003D969BD3,MC_Sthd_abvMCN,2022,1,1,1,1
2024,,3DD.003D96A2AE,MC_Sthd_abvMCN,2022,1,1,1,1
2024,,3DD.003D73961B,MC_Sthd_abvMCN,2022,1,1,1,1
2024,,3DD.003D96AD3D,MC_Sthd_abvMCN,2022,1,1,1,1
2024,,3DD.003D969D71,MC_Sthd_abvMCN,2022,1,1,1,1
2024,,3DD.003D73907D,MC_Sthd_abvMCN,2022,1,1,1,1
2024,,3DD.003D738F90,MC_Sthd_abvMCN,2022,1,1,1,1
2024,,3DD.003D96AD94,MC_Sthd_abvMCN,2022,1,1,1,1
2024,,3DD.003D739932,MC_Sthd_abvMCN,2022,1,0,0,0
2024,,3DD.003D8C35B0,MC_Sthd_abvMCN,2022,1,1,1,1
2024,,3DD.003D45B898,MC_Sthd_abvMCN,2022,1,1,0,0
2024,,3DD.003D2FA117,MC_Sthd_abvMCN,2022,1,1,1,1
2024,,3DD.003D96A709,MC_Sthd_abvMCN,2022,1,1,1,1
2024,,3DD.003D45B856,MC_Sthd_abvMCN,2022,1,1,1,1
2024,,3DD.003D969ED9,MC_Sthd_abvMCN,2022,1,1,1,1
2024,,3DD.003D96AB58,MC_Sthd_abvMCN,2022,1,1,1,1
2024,,3DD.003D59E251,MC_Sthd_abvMCN,2022,1,1,1,1
2024,,3DD.003D969E9C,MC_Sthd_abvMCN,2022,1,1,1,1
2024,,3DD.003D8C2BEE,MC_Sthd_abvMCN,2022,1,1,1,1
2024,,3DD.003D73A143,MC_Sthd_abvMCN,2022,1,1,1,1
2024,,3DD.003D96A366,MC_Sthd_abvMCN,2022,1,1,1,1
2024,,3DD.003D8C2B61,MC_Sthd_abvMCN,2022,1,1,1,1
2024,,3DD.003D8254DC,MC_Sthd_abvMCN,2022,1,1,1,1
2024,,3DD.003D45B46A,MC_Sthd_abvMCN,2022,1,1,1,1
2024,,3DD.003D73A107,MC_Sthd_abvMCN,2022,1,1,0,0
2024,,3DD.003D73B2FF,MC_Sthd_abvMCN,2022,1,1,1,1
2024,,3DD.003D8C230C,MC_Sthd_abvMCN,2022,1,1,1,1
2024,,3DD.003D45B433,MC_Sthd_abvMCN,2022,1,1,1,1
2024,,3DD.003D96A074,MC_Sthd_abvMCN,2022,1,1,1,1
2024,,3DD.003D96A916,MC_Sthd_abvMCN,2022,1,1,1,0
2024,,3DD.003D8C2678,MC_Sthd_abvMCN,2022,1,1,1,1
2024,,3DD.003D96A6E0,MC_Sthd_abvMCN,2022,1,1,1,1
2024,,3DD.003D8C3888,MC_Sthd_abvMCN,2022,1,1,1,1
2024,,3DD.003D822A23,MC_Sthd_abvMCN,2022,1,1,1,1
2024,,3DD.003D969DD2,MC_Sthd_abvMCN,2022,1,1,1,1
2024,,3DD.003D45B82E,MC_Sthd_abvMCN,2022,1,1,1,1
2024,,3DD.003D73A7FD,MC_Sthd_abvMCN,2022,1,1,1,0
2024,,3DD.003D45B38C,MC_Sthd_abvMCN,2022,1,1,1,1
2024,,3DD.003D8C2EE3,MC_Sthd_abvMCN,2022,1,1,1,1
2024,,3DD.003D59DF1A,MC_Sthd_abvMCN,2022,1,1,1,1
2024,,3DD.003D96AD3E,MC_Sthd_abvMCN,2022,1,1,1,1
2024,,3DD.003D73A3CB,MC_Sthd_abvMCN,2022,1,1,1,1
2024,,3DD.0077926FF9,MC_Sthd_abvMCN,2022,1,1,1,1
2024,,3DD.003D96ABD7,MC_Sthd_abvMCN,2022,1,1,1,1
2024,,3DD.0077D61AB6,MC_Sthd_abvMCN,2022,1,1,1,1
2024,,3DD.003D82301D,MC_Sthd_abvMCN,2022,1,1,1,1
2024,,3DD.003D45B4E0,MC_Sthd_abvMCN,2022,1,1,1,1
2024,,3DD.003D8C2645,MC_Sthd_abvMCN,2022,1,1,1,1
2024,,3DD.003D73A7EF,MC_Sthd_abvMCN,2022,1,1,1,1
2024,,3DD.003D59DBB5,MC_Sthd_abvMCN,2022,1,1,1,1
2024,,3DD.003D82386B,MC_Sthd_abvMCN,2022,1,1,1,1
2024,,3DD.0077D61238,MC_Sthd_abvMCN,2022,1,1,1,1
2024,,3DD.003D96AB4C,MC_Sthd_abvMCN,2022,1,1,1,1
2024,,3DD.003D96AA25,MC_Sthd_abvMCN,2022,1,1,1,1
2024,,3DD.003D45B316,MC_Sthd_abvMCN,2022,1,0,0,0
2024,,3DD.003D96A274,MC_Sthd_abvMCN,2022,1,1,1,1
2024,,3DD.003D2FA3DB,MC_Sthd_abvMCN,2022,1,1,1,1
2024,,3DD.003D82314E,MC_Sthd_abvMCN,2022,1,0,0,0
2024,,3DD.003D822A5F,MC_Sthd_abvMCN,2022,1,1,1,1
2024,,3DD.003D96A678,MC_Sthd_abvMCN,2022,1,1,1,0
2024,,3DD.003D73ABF8,MC_Sthd_abvMCN,2022,1,1,0,1
2024,,3DD.003D59E209,MC_Sthd_abvMCN,2022,1,1,1,1
2024,,3DD.003D8C14FD,MC_Sthd_abvMCN,2022,1,1,1,1
2024,,3DD.003D73925C,MC_Sthd_abvMCN,2022,1,1,1,1
2024,,3DD.003D7397B8,MC_Sthd_abvMCN,2022,1,1,1,1
2024,,3DD.003D8C141F,MC_Sthd_abvMCN,2022,1,1,1,1
2024,,3DD.003D59DF20,MC_Sthd_abvMCN,2022,1,1,1,1
2024,,3DD.003D8C1FF6,MC_Sthd_abvMCN,2022,1,1,1,1
2024,,3DD.0077D63C26,MC_Sthd_abvMCN,2022,1,1,1,1
2024,,3DD.0077D2521D,MC_Sthd_abvMCN,2022,1,1,1,1
2024,,3DD.003D96AAC1,MC_Sthd_abvMCN,2022,1,1,1,1
2024,,3DD.0077D62027,MC_Sthd_abvMCN,2022,1,1,1,1
2024,,3DD.003D73A05D,MC_Sthd_abvMCN,2022,1,1,1,1
2024,,3DD.003D73905D,MC_Sthd_abvMCN,2022,1,1,1,1
2024,,3DD.003D739055,MC_Sthd_abvMCN,2022,1,1,1,1
2024,,3DD.003D96A368,MC_Sthd_abvMCN,2022,1,1,1,1
2024,,3DD.003D969D34,MC_Sthd_abvMCN,2022,1,1,1,1
2024,,3DD.003D45B85E,MC_Sthd_abvMCN,2022,1,1,1,1
2024,,3DD.003D73A511,MC_Sthd_abvMCN,2022,1,1,1,1
2024,,3DD.003D8230EF,MC_Sthd_abvMCN,2022,1,1,1,1
2024,,3DD.003D8C2CE9,MC_Sthd_abvMCN,2022,1,1,1,1
2024,,3DD.003D73933D,MC_Sthd_abvMCN,2022,1,1,1,1
2024,,3DD.003D73A2A8,MC_Sthd_abvMCN,2022,1,1,1,1
2024,,3DD.003D8C287F,MC_Sthd_abvMCN,2022,1,1,1,1
2024,,3DD.003D45B541,MC_Sthd_abvMCN,2022,1,1,1,1
2024,,3DD.003D8C2FE3,MC_Sthd_abvMCN,2022,1,1,1,1
2024,,3DD.003D969FD4,MC_Sthd_abvMCN,2022,1,1,1,1
2024,,3DD.003D5A8E2E,MC_Sthd_abvMCN,2022,1,1,1,1
2024,,3DD.003D73B141,MC_Sthd_abvMCN,2022,1,0,0,0
2024,,3DD.003D73A365,MC_Sthd_abvMCN,2022,1,1,1,1
2024,,3DD.003D96ACEE,MC_Sthd_abvMCN,2022,1,1,1,1
2024,,3DD.003D969D44,MC_Sthd_abvMCN,2022,1,1,1,1
2024,,3DD.003D739DCD,MC_Sthd_abvMCN,2022,1,1,1,1
2024,,3DD.003D739931,MC_Sthd_abvMCN,2022,1,1,1,1
2024,,3DD.003D5A8DEC,MC_Sthd_abvMCN,2022,1,1,1,1
2024,,3DD.003D96A8DA,MC_Sthd_abvMCN,2022,1,1,1,1
2024,,3DD.003D73AF5F,MC_Sthd_abvMCN,2022,1,1,1,1
2024,,3DD.003D45B29E,MC_Sthd_abvMCN,2022,1,1,1,1
2024,,3DD.003D8C38A4,MC_Sthd_abvMCN,2022,1,0,0,0
2024,,3DD.003D8C3BA8,MC_Sthd_abvMCN,2022,1,1,1,1
2024,,3DD.003D96A784,MC_Sthd_abvMCN,2022,1,0,0,0
2024,,3DD.003D73A68F,MC_Sthd_abvMCN,2022,1,1,1,1
2024,,3DD.003D2FAB13,MC_Sthd_abvMCN,2022,1,1,1,1
2024,,3DD.003D73B4D6,MC_Sthd_abvMCN,2022,1,1,1,1
2024,,3DD.003D82325A,MC_Sthd_abvMCN,2022,1,1,1,1
2024,,3DD.003D8C2681,MC_Sthd_abvMCN,2022,1,1,1,1
2024,,3DD.003D8C3D5F,MC_Sthd_abvMCN,2022,1,1,1,1
2024,,3DD.003D59E25D,MC_Sthd_abvMCN,2022,1,1,1,1
2024,,3DD.003D96A538,MC_Sthd_abvMCN,2022,1,1,1,1
2024,,3DD.007792E948,MC_Sthd_abvMCN,2022,1,1,1,1
2024,,3DD.003D822671,MC_Sthd_abvMCN,2022,1,1,1,1
2024,,3DD.003D45B43A,MC_Sthd_abvMCN,2022,1,1,1,1
2024,,3DD.003D96A64B,MC_Sthd_abvMCN,2022,1,1,1,1
2024,,3DD.003D73A843,MC_Sthd_abvMCN,2022,1,1,1,1
2025,,3DD.003D2FA8F5,MC_Sthd_abvMCN,2022,1,1,0,0
2025,,3DD.003D823083,MC_Sthd_abvMCN,2022,1,0,0,0
2025,,3DD.003D59EAA3,MC_Sthd_abvMCN,2023,1,1,1,1
2025,,3DD.003D8C3C03,MC_Sthd_abvMCN,2023,1,1,0,0
2025,,3DD.003E1CDC1A,MC_Sthd_abvMCN,2023,1,1,1,1
2025,,3DD.003D2F9D44,MC_Sthd_abvMCN,2023,1,0,0,0
2025,,3DD.003DF4A8BC,MC_Sthd_abvMCN,2023,1,1,0,0
2025,,3DD.003D9757D4,MC_Sthd_abvMCN,2023,1,0,0,0
2025,,3DD.003DFFB384,MC_Sthd_abvMCN,2023,1,0,0,0
2025,,3DD.003DF4AA45,MC_Sthd_abvMCN,2023,1,0,0,0
2025,,3DD.003DEB5081,MC_Sthd_abvMCN,2023,1,1,1,0
2025,,3DD.003DEB68B7,MC_Sthd_abvMCN,2023,1,0,0,0
2025,,3DD.003DF4AF19,MC_Sthd_abvMCN,2023,1,1,1,1
2025,,3DD.003DEB6CAE,MC_Sthd_abvMCN,2023,1,0,0,0
2025,,3DD.003D2F9836,MC_Sthd_abvMCN,2023,1,0,0,0
2025,,3DD.003D8C398F,MC_Sthd_abvMCN,2023,1,1,0,0
2025,,3DD.003DFFC84A,MC_Sthd_abvMCN,2023,1,0,0,0
2025,,3DD.003D97453D,MC_Sthd_abvMCN,2023,1,0,0,0
2025,,3DD.003D9756F4,MC_Sthd_abvMCN,2023,1,1,1,1
