year,transported,tag_id,population,release_rkm,migration_year,bon,tda,jda,mcn
2009,,3D9.1BF27CF0D9 ,MidColSthd_abvMCN,509.035,2007,1,0,0,0
2009,,3D9.1BF27EBE69 ,MidColSthd_abvMCN,509.035,2007,1,0,0,1
2009,,3D9.1BF27C44D9 ,MidColSthd_abvMCN,509.035,2007,1,0,0,0
2009,,3D9.1BF27E416E ,MidColSthd_abvMCN,509.035,2007,1,0,0,1
2009,,3D9.1BF27ED469 ,MidColSthd_abvMCN,509.035,2007,1,0,0,0
2009,,3D9.1BF27C09BD ,MidColSthd_abvMCN,509.035,2007,1,0,0,1
2009,,3D9.1BF27CFB3B ,MidColSthd_abvMCN,509.035,2007,1,0,0,1
2009,,3D9.1BF27E9EA1 ,MidColSthd_abvMCN,509.035,2007,1,0,0,1
2009,,3D9.1BF27DB606 ,MidColSthd_abvMCN,509.035,2007,1,0,0,1
2009,,3D9.1BF27C5B94 ,MidColSthd_abvMCN,509.035,2007,1,0,0,0
2009,,3D9.1BF27E77F3 ,MidColSthd_abvMCN,509.035,2007,1,0,0,1
2009,,3D9.1BF27EA4AF ,MidColSthd_abvMCN,509.035,2007,1,0,0,0
2009,,3D9.1BF27C2979 ,MidColSthd_abvMCN,509.035,2007,1,0,0,1
2009,,3D9.1BF27E7A0C ,MidColSthd_abvMCN,509.035,2007,1,0,0,1
2009,,3D9.1BF27C5B39 ,MidColSthd_abvMCN,509.035,2007,1,0,0,1
2009,,3D9.1BF27CED14 ,MidColSthd_abvMCN,509.035,2007,1,0,0,0
2009,,3D9.1BF23F4ABF ,MidColSthd_abvMCN,509.035.057,2006,1,0,0,1
2009,,3D9.1BF27EC3B0 ,MidColSthd_abvMCN,509.035.058,2007,1,0,0,1
2009,,3D9.1BF27E8ED8 ,MidColSthd_abvMCN,509.035.058,2007,1,0,0,1
2009,,3D9.1BF27B9F82 ,MidColSthd_abvMCN,509.035.058,2007,1,0,0,1
2009,,3D9.1BF27E9600 ,MidColSthd_abvMCN,509.035.058,2007,1,0,0,1
2009,,3D9.1BF27E7B19 ,MidColSthd_abvMCN,509.035.058,2007,1,0,0,1
2009,,3D9.1BF27CDC10 ,MidColSthd_abvMCN,509.035.058,2007,1,0,0,1
2009,,3D9.1BF27EB31D ,MidColSthd_abvMCN,509.035.058,2007,1,0,0,1
2009,,3D9.1BF27BDF5F ,MidColSthd_abvMCN,509.035.058,2007,1,0,0,1
2009,,3D9.1BF27C52F5 ,MidColSthd_abvMCN,509.035.058,2007,1,0,0,0
2009,,3D9.1BF27CF41E ,MidColSthd_abvMCN,509.035.058,2007,1,0,0,1
2009,,3D9.1BF27BA12B ,MidColSthd_abvMCN,509.035.058,2007,1,0,0,0
2009,,3D9.1BF27CEDF2 ,MidColSthd_abvMCN,509.035.058,2007,1,0,0,0
2009,,3D9.1BF27CDE2F ,MidColSthd_abvMCN,509.035.058,2007,1,0,0,1
2009,,3D9.1BF27EEAFC ,MidColSthd_abvMCN,509.035.058,2007,1,0,0,1
2009,,3D9.1BF27EE0B2 ,MidColSthd_abvMCN,509.035.058,2007,1,0,0,1
2009,,3D9.1BF27C5198 ,MidColSthd_abvMCN,509.035.058,2007,1,0,0,1
2009,,3D9.1BF27C5586 ,MidColSthd_abvMCN,509.035.058,2007,1,0,0,0
2009,,3D9.1BF27CE950 ,MidColSthd_abvMCN,509.035.058,2007,1,0,0,1
2009,,3D9.1BF27C5419 ,MidColSthd_abvMCN,509.035.058,2007,1,0,0,1
2009,,3D9.1BF27CE8FD ,MidColSthd_abvMCN,509.035.058,2007,1,0,0,1
2009,,3D9.1BF27C4CBE ,MidColSthd_abvMCN,509.035.058,2007,1,0,0,1
2009,,3D9.1BF27BDC8D ,MidColSthd_abvMCN,509.035.058,2007,1,0,0,1
2009,,3D9.1BF27E8913 ,MidColSthd_abvMCN,509.035.058,2007,1,0,0,0
2009,,3D9.1BF27CE66C ,MidColSthd_abvMCN,509.035.058,2007,1,0,0,1
2009,,3D9.1BF268F007 ,MidColSthd_abvMCN,509.035.087,2007,1,0,0,0
2009,,3D9.1BF26DE213 ,MidColSthd_abvMCN,509.035.087,2007,1,0,0,1
2009,,3D9.1BF26D77F4 ,MidColSthd_abvMCN,509.035.087,2007,1,0,0,0
2009,,3D9.1BF26DA236 ,MidColSthd_abvMCN,509.035.087,2007,1,0,0,0
2009,,3D9.1BF26DE114 ,MidColSthd_abvMCN,509.035.087,2007,1,0,0,1
2009,,3D9.1BF2691BD0 ,MidColSthd_abvMCN,509.035.087,2007,1,0,0,1
2009,,3D9.1BF26DF038 ,MidColSthd_abvMCN,509.035.087,2007,1,0,0,0
2009,,3D9.1BF26DD26A ,MidColSthd_abvMCN,509.035.087,2007,1,0,0,0
2009,,3D9.1BF2690988 ,MidColSthd_abvMCN,509.035.087,2007,1,0,0,1
2009,,3D9.1BF26D31D3 ,MidColSthd_abvMCN,509.035.087,2007,1,0,0,1
2009,,3D9.1BF264C6DF ,MidColSthd_abvMCN,509.035.087,2007,1,0,0,1
2009,,3D9.1BF26DEDCA ,MidColSthd_abvMCN,509.035.087,2007,1,0,0,1
2009,,3D9.1BF2646A66 ,MidColSthd_abvMCN,509.035.087,2007,1,0,0,0
2009,,3D9.1BF26D7716 ,MidColSthd_abvMCN,509.035.087,2007,1,0,0,0
2009,,3D9.1BF26E131A ,MidColSthd_abvMCN,509.035.087,2007,1,0,0,1
2009,,3D9.1BF26DC4FB ,MidColSthd_abvMCN,509.035.087,2007,1,0,0,0
2009,,3D9.1BF26DC918 ,MidColSthd_abvMCN,509.035.087,2007,1,0,0,1
2009,,3D9.1BF26D3FBB ,MidColSthd_abvMCN,509.035.087,2007,1,0,0,0
2009,,3D9.1BF26DDFCD ,MidColSthd_abvMCN,509.035.087,2007,1,0,0,1
2009,,3D9.1BF26DE547 ,MidColSthd_abvMCN,509.035.087,2007,1,0,0,0
2009,,3D9.1BF26E29A8 ,MidColSthd_abvMCN,509.035.087,2007,1,0,0,1
2009,,3D9.1BF26DD54E ,MidColSthd_abvMCN,509.035.087,2007,1,0,0,0
2009,,3D9.1BF26DCD30 ,MidColSthd_abvMCN,509.035.087,2007,1,0,0,1
2009,,3D9.1BF26DD287 ,MidColSthd_abvMCN,509.035.087,2007,1,0,0,1
2009,,3D9.1BF26DABD7 ,MidColSthd_abvMCN,509.035.087,2007,1,0,0,1
2009,,3D9.1BF26D3EC1 ,MidColSthd_abvMCN,509.035.087,2007,1,0,0,1
2009,,3D9.1BF26E01DB ,MidColSthd_abvMCN,509.035.087,2007,1,0,0,0
2009,,3D9.1BF264B540 ,MidColSthd_abvMCN,509.035.087,2007,1,0,0,0
2009,,3D9.1BF26DF864 ,MidColSthd_abvMCN,509.035.087,2007,1,0,0,1
2009,,3D9.1BF26DF6EE ,MidColSthd_abvMCN,509.035.087,2007,1,0,0,0
2009,,3D9.1BF23A40CD ,MidColSthd_abvMCN,509.080,2007,1,0,0,0
2009,,3D9.1BF2630A6D ,MidColSthd_abvMCN,509.080,2007,1,0,0,1
2009,,3D9.1BF2320A7E ,MidColSthd_abvMCN,509.080,2007,1,0,0,1
2009,,3D9.1BF262BE9A ,MidColSthd_abvMCN,509.080,2007,1,0,0,0
2009,,3D9.1BF18A7F52 ,MidColSthd_abvMCN,539.130.048,2007,1,0,0,1
2009,,3D9.1BF1816546 ,MidColSthd_abvMCN,539.130.048,2007,1,0,0,1
2009,,3D9.1BF1816EE4 ,MidColSthd_abvMCN,539.130.048,2007,1,0,0,1
2009,,3D9.1BF2553AA2 ,MidColSthd_abvMCN,539.284,2007,1,0,0,1
2009,,3D9.1BF2552FFB ,MidColSthd_abvMCN,539.284,2007,1,0,0,0
2009,,3D9.1BF254AA13 ,MidColSthd_abvMCN,539.284,2007,1,0,0,1
2009,,3D9.1BF2553204 ,MidColSthd_abvMCN,539.284,2007,1,0,0,0
2010,,3D9.1C2C539598 ,MidColSthd_abvMCN,480,2008,1,0,0,1
2010,,3D9.1C2C5398C6 ,MidColSthd_abvMCN,480,2008,1,0,0,1
2010,,3D9.1C2C52AC28 ,MidColSthd_abvMCN,480,2008,1,0,0,1
2010,,3D9.1C2C52D697 ,MidColSthd_abvMCN,480,2008,1,0,0,0
2010,,3D9.1C2C52B4B3 ,MidColSthd_abvMCN,480,2008,1,0,0,1
2010,,3D9.1C2C529FD4 ,MidColSthd_abvMCN,480,2008,1,0,0,0
2010,,3D9.1C2C565673 ,MidColSthd_abvMCN,480,2008,1,0,0,1
2010,,3D9.1C2C512E8D ,MidColSthd_abvMCN,509.015,2008,1,0,0,1
2010,,3D9.1C2C516E74 ,MidColSthd_abvMCN,509.015,2008,1,0,0,0
2010,,3D9.1C2C515D31 ,MidColSthd_abvMCN,509.015,2008,1,0,0,1
2010,,3D9.1C2C51DF25 ,MidColSthd_abvMCN,509.015,2008,1,0,0,1
2010,,3D9.1C2C51316A ,MidColSthd_abvMCN,509.015,2008,1,0,0,1
2010,,3D9.1C2CDC1737 ,MidColSthd_abvMCN,509.015,2008,1,0,0,1
2010,,3D9.1C2C50CC18 ,MidColSthd_abvMCN,509.015,2008,1,0,0,0
2010,,3D9.1C2C50FF69 ,MidColSthd_abvMCN,509.015,2008,1,0,0,1
2010,,3D9.1C2C515D45 ,MidColSthd_abvMCN,509.015,2008,1,0,0,1
2010,,3D9.1C2C511184 ,MidColSthd_abvMCN,509.015,2008,1,0,0,1
2010,,3D9.1C2C50D7BC ,MidColSthd_abvMCN,509.015,2008,1,0,0,1
2010,,3D9.1C2C50D526 ,MidColSthd_abvMCN,509.015,2008,1,0,0,1
2010,,3D9.1C2C510FC5 ,MidColSthd_abvMCN,509.015,2008,1,0,0,1
2010,,3D9.1C2C51798B ,MidColSthd_abvMCN,509.015,2008,1,0,0,1
2010,,3D9.1C2C50D67D ,MidColSthd_abvMCN,509.015,2008,1,0,0,1
2010,,3D9.1C2C50E4C1 ,MidColSthd_abvMCN,509.015,2008,1,0,0,1
2010,,3D9.1C2C512CC8 ,MidColSthd_abvMCN,509.015,2008,1,0,0,1
2010,,3D9.1C2C50CFE5 ,MidColSthd_abvMCN,509.015,2008,1,0,0,1
2010,,3D9.1C2C5177FA ,MidColSthd_abvMCN,509.015,2008,1,0,0,1
2010,,3D9.1C2C6882EF ,MidColSthd_abvMCN,509.015,2008,1,0,0,1
2010,,3D9.1C2C44DCF4 ,MidColSthd_abvMCN,509.035,2008,1,0,0,0
2010,,3D9.1C2C48D939 ,MidColSthd_abvMCN,509.035,2008,1,0,0,1
2010,,3D9.1C2C44E084 ,MidColSthd_abvMCN,509.035,2008,1,0,0,1
2010,,3D9.1C2C418353 ,MidColSthd_abvMCN,509.035,2008,1,0,0,1
2010,,3D9.1C2C4C0F4A ,MidColSthd_abvMCN,509.035,2008,1,0,0,1
2010,,3D9.1C2C419890 ,MidColSthd_abvMCN,509.035,2008,1,0,0,0
2010,,3D9.1BF27BDC8D ,MidColSthd_abvMCN,509.035.058,2007,1,0,0,1
2010,,3D9.1C2C41FEAC ,MidColSthd_abvMCN,509.035.085,2008,1,0,0,1
2010,,3D9.1C2C41274B ,MidColSthd_abvMCN,509.035.085,2008,1,0,0,1
2010,,3D9.1C2C4136A0 ,MidColSthd_abvMCN,509.035.085,2008,1,0,0,0
2010,,3D9.1C2C4C175B ,MidColSthd_abvMCN,509.035.085,2008,1,0,0,1
2010,,3D9.1C2C4C2460 ,MidColSthd_abvMCN,509.035.085,2008,1,0,0,1
2010,,3D9.1C2C4C581F ,MidColSthd_abvMCN,509.035.085,2008,1,0,0,1
2010,,3D9.1C2C41FC9F ,MidColSthd_abvMCN,509.035.085,2008,1,0,0,1
2010,,3D9.1C2C41997B ,MidColSthd_abvMCN,509.035.085,2008,1,0,0,1
2010,,3D9.1C2C4C8A25 ,MidColSthd_abvMCN,509.035.085,2008,1,0,0,0
2010,,3D9.1C2C4C30F8 ,MidColSthd_abvMCN,509.035.085,2008,1,0,0,1
2010,,3D9.1C2C3B2B30 ,MidColSthd_abvMCN,509.035.085,2008,1,0,0,1
2010,,3D9.1C2C3DB555 ,MidColSthd_abvMCN,509.035.085,2008,1,0,0,0
2010,,3D9.1C2C4063AB ,MidColSthd_abvMCN,509.035.085,2008,1,0,0,1
2010,,3D9.1C2C39EE65 ,MidColSthd_abvMCN,509.035.085,2008,1,0,0,1
2010,,3D9.1C2C4244EF ,MidColSthd_abvMCN,509.035.085,2008,1,0,0,1
2010,,3D9.257C5A34AC ,MidColSthd_abvMCN,509.035.087,2006,1,0,0,1
2010,,3D9.257C59D44B ,MidColSthd_abvMCN,509.035.087,2006,1,0,0,1
2010,,3D9.1BF26DD34C ,MidColSthd_abvMCN,509.035.087,2007,1,0,0,1
2010,,3D9.1C2C87572F ,MidColSthd_abvMCN,509.035.087,2008,1,0,0,1
2010,,3D9.1C2C8E1875 ,MidColSthd_abvMCN,509.035.087,2008,1,0,0,0
2010,,3D9.1C2C8E1C12 ,MidColSthd_abvMCN,509.035.087,2008,1,0,0,1
2010,,3D9.1C2C876A46 ,MidColSthd_abvMCN,509.035.087,2008,1,0,0,0
2010,,3D9.1C2CA98ADF ,MidColSthd_abvMCN,509.035.087,2008,1,0,0,1
2010,,3D9.1C2CA9879F ,MidColSthd_abvMCN,509.035.087,2008,1,0,0,1
2010,,3D9.1C2C876A8A ,MidColSthd_abvMCN,509.035.087,2008,1,0,0,1
2010,,3D9.1BF1A2A8EF ,MidColSthd_abvMCN,509.035.087,2008,1,0,0,0
2010,,3D9.1BF1F8AD84 ,MidColSthd_abvMCN,509.035.087,2008,1,0,0,0
2010,,3D9.1C2CA9A39F ,MidColSthd_abvMCN,509.035.087,2008,1,0,0,1
2010,,3D9.1C2C9CB258 ,MidColSthd_abvMCN,509.035.087,2008,1,0,0,1
2010,,3D9.1BF1F86A76 ,MidColSthd_abvMCN,509.035.087,2008,1,0,0,1
2010,,3D9.1C2C97F934 ,MidColSthd_abvMCN,509.035.087,2008,1,0,0,0
2010,,3D9.1C2CA99403 ,MidColSthd_abvMCN,509.035.087,2008,1,0,0,1
2010,,3D9.1C2C9C8D1E ,MidColSthd_abvMCN,509.035.087,2008,1,0,0,1
2010,,3D9.1C2C9C8BF7 ,MidColSthd_abvMCN,509.035.087,2008,1,0,0,1
2010,,3D9.1C2C87D3E7 ,MidColSthd_abvMCN,509.035.087,2008,1,0,0,1
2010,,3D9.1C2C87BE6A ,MidColSthd_abvMCN,509.035.087,2008,1,0,0,1
2010,,3D9.1C2C873FFD ,MidColSthd_abvMCN,509.035.087,2008,1,0,0,1
2010,,3D9.1C2C875DBF ,MidColSthd_abvMCN,509.035.087,2008,1,0,0,1
2010,,3D9.1C2C87C3DF ,MidColSthd_abvMCN,509.035.087,2008,1,0,0,1
2010,,3D9.1C2C4BF5AF ,MidColSthd_abvMCN,509.035.090,2008,1,0,0,1
2010,,3D9.1C2C4C100A ,MidColSthd_abvMCN,509.035.090,2008,1,0,0,1
2010,,3D9.1C2C4BCE34 ,MidColSthd_abvMCN,509.035.090,2008,1,0,0,1
2010,,3D9.1C2C4BE4B6 ,MidColSthd_abvMCN,509.035.090,2008,1,0,0,1
2010,,3D9.1C2C4BEEBF ,MidColSthd_abvMCN,509.035.090,2008,1,0,0,1
2010,,3D9.1C2C4BCB2C ,MidColSthd_abvMCN,509.035.090,2008,1,0,0,1
2010,,3D9.1C2C4072B6 ,MidColSthd_abvMCN,509.035.090,2008,1,0,0,1
2010,,3D9.1C2C4BCE2C ,MidColSthd_abvMCN,509.035.090,2008,1,0,0,1
2010,,3D9.1C2C4BAEAE ,MidColSthd_abvMCN,509.035.090,2008,1,0,0,0
2010,,3D9.1C2C41FF8D ,MidColSthd_abvMCN,509.035.090,2008,1,0,0,1
2010,,3D9.1C2C4BBA20 ,MidColSthd_abvMCN,509.035.090,2008,1,0,0,1
2010,,3D9.1C2C4BD00F ,MidColSthd_abvMCN,509.035.090,2008,1,0,0,1
2010,,3D9.1C2C4BB920 ,MidColSthd_abvMCN,509.035.090,2008,1,0,0,1
2010,,3D9.1C2C4419BC ,MidColSthd_abvMCN,509.035.090,2008,1,0,0,1
2010,,3D9.1C2C43C9C0 ,MidColSthd_abvMCN,509.035.090,2008,1,0,0,1
2010,,3D9.1C2C4BCA06 ,MidColSthd_abvMCN,509.035.090,2008,1,0,0,1
2010,,3D9.1C2C43E197 ,MidColSthd_abvMCN,509.035.090,2008,1,0,0,0
2010,,3D9.1C2C4B768C ,MidColSthd_abvMCN,509.035.090,2008,1,0,0,1
2010,,3D9.1C2C4BE6C8 ,MidColSthd_abvMCN,509.035.090,2008,1,0,0,0
2010,,3D9.1C2C4C08BC ,MidColSthd_abvMCN,509.035.090,2008,1,0,0,1
2010,,3D9.1C2C4BD250 ,MidColSthd_abvMCN,509.035.090,2008,1,0,0,1
2010,,3D9.1C2C4BABFD ,MidColSthd_abvMCN,509.035.090,2008,1,0,0,1
2010,,3D9.1C2C4C73F9 ,MidColSthd_abvMCN,509.035.090,2008,1,0,0,0
2010,,3D9.1C2C3E99BC ,MidColSthd_abvMCN,509.035.090,2008,1,0,0,1
2010,,3D9.1C2C4C29D1 ,MidColSthd_abvMCN,509.035.090,2008,1,0,0,1
2010,,3D9.1C2C4C341B ,MidColSthd_abvMCN,509.035.090,2008,1,0,0,1
2010,,3D9.1C2C4BD552 ,MidColSthd_abvMCN,509.035.090,2008,1,0,0,1
2010,,3D9.1C2C441701 ,MidColSthd_abvMCN,509.035.090,2008,1,0,0,1
2010,,3D9.1C2C4B776D ,MidColSthd_abvMCN,509.035.090,2008,1,0,0,1
2010,,3D9.1C2C4BE384 ,MidColSthd_abvMCN,509.035.090,2008,1,0,0,1
2010,,3D9.1C2C4C0858 ,MidColSthd_abvMCN,509.035.090,2008,1,0,0,1
2010,,3D9.1C2C4BB04F ,MidColSthd_abvMCN,509.035.090,2008,1,0,0,1
2010,,3D9.1C2C4BCCB4 ,MidColSthd_abvMCN,509.035.090,2008,1,0,0,1
2010,,3D9.1C2C318080 ,MidColSthd_abvMCN,509.080,2008,1,0,0,1
2010,,3D9.1C2C318E9B ,MidColSthd_abvMCN,509.080,2008,1,0,0,1
2010,,3D9.1C2C318AB9 ,MidColSthd_abvMCN,509.080,2008,1,0,0,1
2010,,3D9.1C2C319CEE ,MidColSthd_abvMCN,509.080,2008,1,0,0,0
2010,,3D9.1C2C313EFE ,MidColSthd_abvMCN,509.080,2008,1,0,0,1
2010,,3D9.1C2C31347F ,MidColSthd_abvMCN,509.080,2008,1,0,0,1
2010,,3D9.1C2C33E067 ,MidColSthd_abvMCN,539.130.048,2008,1,0,0,1
2010,,3D9.1BF18A8E9C ,MidColSthd_abvMCN,539.130.048,2008,1,0,0,1
2010,,3D9.1BF18ACCF9 ,MidColSthd_abvMCN,539.172.005,2008,1,0,0,1
2010,,3D9.1BF2551387 ,MidColSthd_abvMCN,539.271,2008,1,0,0,1
2010,,3D9.1BF2534C52 ,MidColSthd_abvMCN,539.284.017,2008,1,0,0,1
2010,,3D9.1BF25359C8 ,MidColSthd_abvMCN,539.284.017,2008,1,0,0,0
2010,,3D9.1BF252E3FB ,MidColSthd_abvMCN,539.284.017,2008,1,0,0,1
2010,,3D9.1BF252D1E7 ,MidColSthd_abvMCN,539.284.020,2008,1,0,0,0
2011,,3D9.1BF26C44BD ,MidColSthd_abvMCN,480,2009,1,0,0,1
2011,,3D9.1BF26C53EE ,MidColSthd_abvMCN,480,2009,1,0,0,1
2011,,3D9.1C2C50D7BC ,MidColSthd_abvMCN,509.015,2008,1,0,0,1
2011,,3D9.1C2CF39E71 ,MidColSthd_abvMCN,509.015,2009,1,0,0,0
2011,,3D9.1C2CC7C6C4 ,MidColSthd_abvMCN,509.015,2009,1,0,0,1
2011,,3D9.1C2CDC4C42 ,MidColSthd_abvMCN,509.015,2009,1,0,0,1
2011,,3D9.1C2CC5F48F ,MidColSthd_abvMCN,509.015,2009,1,0,0,0
2011,,3D9.1C2CDC541C ,MidColSthd_abvMCN,509.015,2009,1,0,0,1
2011,,3D9.1C2CC7DC41 ,MidColSthd_abvMCN,509.015,2009,1,0,0,1
2011,,3D9.1C2C6C1A39 ,MidColSthd_abvMCN,509.015,2009,1,0,0,1
2011,,3D9.1C2CC4228F ,MidColSthd_abvMCN,509.015,2009,1,0,0,1
2011,,3D9.1C2C6CA449 ,MidColSthd_abvMCN,509.015,2009,1,0,0,1
2011,,3D9.1C2CDC8E0C ,MidColSthd_abvMCN,509.015,2009,1,0,0,1
2011,,3D9.1C2CDBF214 ,MidColSthd_abvMCN,509.015,2009,1,0,0,1
2011,,3D9.1C2CC53C93 ,MidColSthd_abvMCN,509.015,2009,1,0,0,1
2011,,3D9.1C2CC7DADC ,MidColSthd_abvMCN,509.015,2009,1,0,0,1
2011,,3D9.1C2C9C8F19 ,MidColSthd_abvMCN,509.035.087,2008,1,0,0,1
2011,,3D9.1C2CF43D91 ,MidColSthd_abvMCN,509.035.087,2009,1,0,0,1
2011,,3D9.1C2CF491F0 ,MidColSthd_abvMCN,509.035.087,2009,1,0,0,1
2011,,3D9.1C2CFC81B9 ,MidColSthd_abvMCN,509.035.087,2009,1,0,0,0
2011,,3D9.1C2D044EF7 ,MidColSthd_abvMCN,509.035.087,2009,1,0,0,1
2011,,3D9.1C2CF5EB16 ,MidColSthd_abvMCN,509.035.087,2009,1,0,0,1
2011,,3D9.1C2CFD1B44 ,MidColSthd_abvMCN,509.035.087,2009,1,0,0,1
2011,,3D9.1C2D04FDE9 ,MidColSthd_abvMCN,509.035.087,2009,1,0,0,1
2011,,3D9.1C2CE6ED3C ,MidColSthd_abvMCN,509.035.088,2009,1,0,0,0
2011,,3D9.1C2CE70D79 ,MidColSthd_abvMCN,509.035.088,2009,1,0,0,1
2011,,3D9.1C2CE6C1BC ,MidColSthd_abvMCN,509.035.088,2009,1,0,0,0
2011,,3D9.1C2CE61232 ,MidColSthd_abvMCN,509.035.088,2009,1,0,0,1
2011,,3D9.1C2CBAF66A ,MidColSthd_abvMCN,509.035.088,2009,1,0,0,1
2011,,3D9.1C2C675707 ,MidColSthd_abvMCN,509.035.088,2009,1,0,0,0
2011,,3D9.1C2CEBE04D ,MidColSthd_abvMCN,509.035.088,2009,1,0,0,1
2011,,3D9.1C2CE21719 ,MidColSthd_abvMCN,509.035.088,2009,1,0,0,1
2011,,3D9.1C2CB26FDE ,MidColSthd_abvMCN,509.035.088,2009,1,0,0,1
2011,,3D9.1C2CE6E57C ,MidColSthd_abvMCN,509.035.088,2009,1,0,0,0
2011,,3D9.1C2C9824D2 ,MidColSthd_abvMCN,509.035.088,2009,1,0,0,0
2011,,3D9.1C2CBABB77 ,MidColSthd_abvMCN,509.035.088,2009,1,0,0,1
2011,,3D9.1C2CE422ED ,MidColSthd_abvMCN,509.035.088,2009,1,0,0,1
2011,,3D9.1C2CBA9E57 ,MidColSthd_abvMCN,509.035.088,2009,1,0,0,1
2011,,3D9.1C2CE23035 ,MidColSthd_abvMCN,509.035.088,2009,1,0,0,1
2011,,3D9.1C2C675085 ,MidColSthd_abvMCN,509.035.088,2009,1,0,0,1
2011,,3D9.1C2CE23C20 ,MidColSthd_abvMCN,509.035.088,2009,1,0,0,1
2011,,3D9.1C2CE1A793 ,MidColSthd_abvMCN,509.035.088,2009,1,0,0,1
2011,,3D9.1C2CEB1E60 ,MidColSthd_abvMCN,509.035.088,2009,1,0,0,0
2011,,3D9.1C2CA9727A ,MidColSthd_abvMCN,509.035.088,2009,1,0,0,0
2011,,3D9.1C2CBABD70 ,MidColSthd_abvMCN,509.035.088,2009,1,0,0,1
2011,,3D9.1C2CB29092 ,MidColSthd_abvMCN,509.035.088,2009,1,0,0,0
2011,,3D9.1C2CE230F2 ,MidColSthd_abvMCN,509.035.088,2009,1,0,0,0
2011,,3D9.1C2CE1C50B ,MidColSthd_abvMCN,509.035.088,2009,1,0,0,1
2011,,3D9.1C2CE1CDB0 ,MidColSthd_abvMCN,509.035.088,2009,1,0,0,1
2011,,3D9.1C2CE1B380 ,MidColSthd_abvMCN,509.035.088,2009,1,0,0,1
2011,,3D9.1C2CB26745 ,MidColSthd_abvMCN,509.035.088,2009,1,0,0,1
2011,,3D9.1C2C678B9D ,MidColSthd_abvMCN,509.035.088,2009,1,0,0,1
2011,,3D9.1C2CE20C0A ,MidColSthd_abvMCN,509.051,2009,1,0,0,1
2011,,3D9.1C2CEB144A ,MidColSthd_abvMCN,509.051,2009,1,0,0,0
2011,,3D9.1C2CE531AF ,MidColSthd_abvMCN,509.051,2009,1,0,0,1
2011,,3D9.1C2CE53C30 ,MidColSthd_abvMCN,509.051,2009,1,0,0,1
2011,,3D9.1C2CE440EE ,MidColSthd_abvMCN,509.051,2009,1,0,0,1
2011,,3D9.1C2CE2103F ,MidColSthd_abvMCN,509.051,2009,1,0,0,1
2011,,3D9.1C2CE1FE3D ,MidColSthd_abvMCN,509.051,2009,1,0,0,1
2011,,3D9.1C2CE43EA4 ,MidColSthd_abvMCN,509.051,2009,1,0,0,1
2011,,3D9.1C2CE1C409 ,MidColSthd_abvMCN,509.051,2009,1,0,0,0
2011,,3D9.1C2CE37A74 ,MidColSthd_abvMCN,509.054.005,2009,1,0,0,1
2011,,3D9.1C2CC55935 ,MidColSthd_abvMCN,509.054.005,2009,1,0,0,1
2011,,3D9.1C2CE3CC9C ,MidColSthd_abvMCN,509.070.001,2009,1,0,0,1
2011,,3D9.1C2CE2758A ,MidColSthd_abvMCN,509.070.001,2009,1,0,0,1
2011,,3D9.1C2CE37F12 ,MidColSthd_abvMCN,509.070.001,2009,1,0,0,1
2011,,3D9.1C2CE34B42 ,MidColSthd_abvMCN,509.070.001,2009,1,0,0,1
2011,,3D9.1C2CC61165 ,MidColSthd_abvMCN,509.080,2009,1,0,0,1
2011,,3D9.1C2CC5845D ,MidColSthd_abvMCN,509.080,2009,1,0,0,1
2011,,3D9.1C2CDC5260 ,MidColSthd_abvMCN,509.080,2009,1,0,0,1
2011,,3D9.1C2CC5830C ,MidColSthd_abvMCN,509.080,2009,1,0,0,1
2011,,3D9.1C2CC5165D ,MidColSthd_abvMCN,509.080,2009,1,0,0,1
2011,,3D9.1C2CC514F4 ,MidColSthd_abvMCN,509.080,2009,1,0,0,1
2011,,3D9.1C2C29EEE0 ,MidColSthd_abvMCN,539.112.002,2009,1,0,0,1
2011,,3D9.1C2CEA50CC ,MidColSthd_abvMCN,539.112.002,2009,1,0,0,0
2011,,3D9.1C2CDA907E ,MidColSthd_abvMCN,539.112.002,2009,1,0,0,1
2011,,3D9.1C2CEA2421 ,MidColSthd_abvMCN,539.112.002,2009,1,0,0,1
2011,,3D9.1BF18A8E9C ,MidColSthd_abvMCN,539.130.048,2008,1,0,0,1
2011,,3D9.1C2CEA4FBE ,MidColSthd_abvMCN,539.130.048,2009,1,0,0,0
2011,,3D9.1C2C2AC280 ,MidColSthd_abvMCN,539.130.048,2009,1,0,0,1
2011,,3D9.1BF18AD759 ,MidColSthd_abvMCN,539.130.048,2009,1,0,0,1
2011,,3D9.1BF18A820A ,MidColSthd_abvMCN,539.130.048,2009,1,0,0,1
2011,,3D9.1C2CEBECD6 ,MidColSthd_abvMCN,539.130.048,2009,1,0,0,1
2011,,3D9.1BF18AB827 ,MidColSthd_abvMCN,539.130.048,2009,1,0,0,0
2011,,3D9.1C2C51A64A ,MidColSthd_abvMCN,539.271,2009,1,0,0,0
2011,,3D9.1BF18DD3AB ,MidColSthd_abvMCN,539.284.017,2009,1,0,0,0
2012,,3D9.1C2D3339CA ,MidColSthd_abvMCN,509.015,2010,1,0,0,1
2012,,3D9.1C2D337953 ,MidColSthd_abvMCN,509.015,2010,1,0,0,1
2012,,3D9.1C2D33E4E8 ,MidColSthd_abvMCN,509.015,2010,1,0,0,1
2012,,3D9.1C2D3387AC ,MidColSthd_abvMCN,509.015,2010,1,0,0,1
2012,,3D9.1C2D26DBB7 ,MidColSthd_abvMCN,509.015,2010,1,0,0,1
2012,,3D9.1C2D3490AE ,MidColSthd_abvMCN,509.015,2010,1,0,0,1
2012,,3D9.1C2D26D6DB ,MidColSthd_abvMCN,509.015,2010,1,0,0,1
2012,,3D9.1C2D349F88 ,MidColSthd_abvMCN,509.015,2010,1,0,0,1
2012,,3D9.1C2D338CE1 ,MidColSthd_abvMCN,509.015,2010,1,0,0,1
2012,,3D9.1C2D335D51 ,MidColSthd_abvMCN,509.015,2010,1,0,0,1
2012,,3D9.1C2D276D2C ,MidColSthd_abvMCN,509.015,2010,1,0,0,1
2012,,3D9.1C2D33DE9D ,MidColSthd_abvMCN,509.015,2010,1,0,0,1
2012,,3D9.1C2D348E57 ,MidColSthd_abvMCN,509.015,2010,1,0,0,1
2012,,3D9.1C2D33F83B ,MidColSthd_abvMCN,509.015,2010,1,0,0,1
2012,,3D9.1C2D26A877 ,MidColSthd_abvMCN,509.015,2010,1,0,0,1
2012,,3D9.1C2D266D8E ,MidColSthd_abvMCN,509.015,2010,1,0,0,1
2012,,3D9.1C2D348D51 ,MidColSthd_abvMCN,509.015,2010,1,0,0,1
2012,,3D9.1C2D2660EA ,MidColSthd_abvMCN,509.015,2010,1,0,0,1
2012,,3D9.1C2D337697 ,MidColSthd_abvMCN,509.015,2010,1,0,0,1
2012,,3D9.1C2D25E1EA ,MidColSthd_abvMCN,509.015,2010,1,0,0,1
2012,,3D9.1C2CA99403 ,MidColSthd_abvMCN,509.035.087,2008,1,0,0,1
2012,,3D9.1C2D6EFC25 ,MidColSthd_abvMCN,509.035.087,2010,1,0,0,1
2012,,3D9.1C2D6F1AEE ,MidColSthd_abvMCN,509.035.087,2010,1,0,0,1
2012,,3D9.1C2D6F6232 ,MidColSthd_abvMCN,509.035.087,2010,1,0,0,0
2012,,3D9.1C2D6F61D9 ,MidColSthd_abvMCN,509.035.087,2010,1,0,0,1
2012,,3D9.1C2D6F61D4 ,MidColSthd_abvMCN,509.035.087,2010,1,0,0,1
2012,,3D9.1C2D700EAE ,MidColSthd_abvMCN,509.035.087,2010,1,0,0,1
2012,,3D9.1C2D6F5F10 ,MidColSthd_abvMCN,509.035.087,2010,1,0,0,1
2012,,3D9.1C2D6FE0A9 ,MidColSthd_abvMCN,509.035.087,2010,1,0,0,1
2012,,3D9.1C2D6FB4DD ,MidColSthd_abvMCN,509.035.087,2010,1,0,0,1
2012,,3D9.1C2D6F4A6D ,MidColSthd_abvMCN,509.035.087,2010,1,0,0,1
2012,,3D9.1C2D6F91C8 ,MidColSthd_abvMCN,509.035.087,2010,1,0,0,0
2012,,3D9.1C2D811FA6 ,MidColSthd_abvMCN,509.035.088,2010,1,0,0,1
2012,,3D9.1C2D825E2C ,MidColSthd_abvMCN,509.035.088,2010,1,0,0,1
2012,,3D9.1C2D81540F ,MidColSthd_abvMCN,509.035.088,2010,1,0,0,1
2012,,3D9.1C2D8125FE ,MidColSthd_abvMCN,509.035.088,2010,1,0,0,1
2012,,3D9.1C2D75148F ,MidColSthd_abvMCN,509.035.088,2010,1,0,0,0
2012,,3D9.1C2CB8A44E ,MidColSthd_abvMCN,509.035.088,2010,1,0,0,1
2012,,3D9.1C2D750B42 ,MidColSthd_abvMCN,509.035.088,2010,1,0,0,1
2012,,3D9.1C2D7B332D ,MidColSthd_abvMCN,509.035.088,2010,1,0,0,1
2012,,3D9.1C2D811AD3 ,MidColSthd_abvMCN,509.035.088,2010,1,0,0,1
2012,,3D9.1C2D82521E ,MidColSthd_abvMCN,509.035.088,2010,1,0,0,0
2012,,3D9.1C2D815908 ,MidColSthd_abvMCN,509.035.088,2010,1,0,0,1
2012,,3D9.1C2CB84B0D ,MidColSthd_abvMCN,509.035.088,2010,1,0,0,1
2012,,3D9.1C2D8109BB ,MidColSthd_abvMCN,509.035.088,2010,1,0,0,1
2012,,3D9.1C2D815A5E ,MidColSthd_abvMCN,509.035.088,2010,1,0,0,1
2012,,3D9.1C2D7B834C ,MidColSthd_abvMCN,509.035.088,2010,1,0,0,1
2012,,3D9.1C2D811ED0 ,MidColSthd_abvMCN,509.035.088,2010,1,0,0,1
2012,,3D9.1C2D6F0247 ,MidColSthd_abvMCN,509.035.088,2010,1,0,0,1
2012,,3D9.1C2D80D11E ,MidColSthd_abvMCN,509.035.088,2010,1,0,0,1
2012,,3D9.1C2CB5D497 ,MidColSthd_abvMCN,509.035.088,2010,1,0,0,1
2012,,3D9.1C2CBAC6C4 ,MidColSthd_abvMCN,509.035.088,2010,1,0,0,1
2012,,3D9.1C2D80D527 ,MidColSthd_abvMCN,509.035.088,2010,1,0,0,1
2012,,3D9.1C2D74C5FB ,MidColSthd_abvMCN,509.035.088,2010,1,0,0,0
2012,,3D9.1C2D8162DD ,MidColSthd_abvMCN,509.035.088,2010,1,0,0,0
2012,,3D9.1C2D816508 ,MidColSthd_abvMCN,509.035.088,2010,1,0,0,0
2012,,3D9.1C2CBAD1DF ,MidColSthd_abvMCN,509.035.088,2010,1,0,0,1
2012,,3D9.1C2CB89685 ,MidColSthd_abvMCN,509.035.088,2010,1,0,0,1
2012,,3D9.1C2D7526ED ,MidColSthd_abvMCN,509.035.088,2010,1,0,0,1
2012,,3D9.1C2D8117CE ,MidColSthd_abvMCN,509.035.088,2010,1,0,0,1
2012,,3D9.1C2D81021E ,MidColSthd_abvMCN,509.035.088,2010,1,0,0,1
2012,,3D9.1C2D8139D4 ,MidColSthd_abvMCN,509.035.088,2010,1,0,0,0
2012,,3D9.1C2D7B6E5F ,MidColSthd_abvMCN,509.035.088,2010,1,0,0,1
2012,,3D9.1C2CB86B9E ,MidColSthd_abvMCN,509.035.088,2010,1,0,0,1
2012,,3D9.1C2D80E461 ,MidColSthd_abvMCN,509.035.088,2010,1,0,0,1
2012,,3D9.1C2D812B61 ,MidColSthd_abvMCN,509.035.088,2010,1,0,0,1
2012,,3D9.1C2D813645 ,MidColSthd_abvMCN,509.035.088,2010,1,0,0,0
2012,,3D9.1C2CB845CE ,MidColSthd_abvMCN,509.035.088,2010,1,0,0,1
2012,,3D9.1C2D7BD400 ,MidColSthd_abvMCN,509.035.088,2010,1,0,0,1
2012,,3D9.1C2CBAF4E5 ,MidColSthd_abvMCN,509.035.088,2010,1,0,0,1
2012,,3D9.1C2D8166F8 ,MidColSthd_abvMCN,509.035.088,2010,1,0,0,1
2012,,3D9.1C2D814F5E ,MidColSthd_abvMCN,509.035.088,2010,1,0,0,1
2012,,3D9.1C2D80D5A3 ,MidColSthd_abvMCN,509.035.088,2010,1,0,0,1
2012,,3D9.1C2CB84A57 ,MidColSthd_abvMCN,509.035.088,2010,1,0,0,1
2012,,3D9.1C2D80D0FE ,MidColSthd_abvMCN,509.035.088,2010,1,0,0,1
2012,,3D9.1C2D8118BF ,MidColSthd_abvMCN,509.035.088,2010,1,0,0,1
2012,,3D9.1C2D74C611 ,MidColSthd_abvMCN,509.035.088,2010,1,0,0,0
2012,,3D9.1C2D82383F ,MidColSthd_abvMCN,509.035.088,2010,1,0,0,0
2012,,3D9.1C2D814F2E ,MidColSthd_abvMCN,509.035.088,2010,1,0,0,0
2012,,3D9.1C2D80CF76 ,MidColSthd_abvMCN,509.035.088,2010,1,0,0,1
2012,,3D9.1C2D8165E8 ,MidColSthd_abvMCN,509.035.088,2010,1,0,0,1
2012,,3D9.1C2D74A483 ,MidColSthd_abvMCN,509.035.088,2010,1,0,0,1
2012,,3D9.1C2D80DA0A ,MidColSthd_abvMCN,509.035.088,2010,1,0,0,1
2012,,3D9.1C2CBAD3E4 ,MidColSthd_abvMCN,509.035.088,2010,1,0,0,0
2012,,3D9.1C2CB8A8AF ,MidColSthd_abvMCN,509.035.088,2010,1,0,0,1
2012,,3D9.1C2D80E817 ,MidColSthd_abvMCN,509.035.088,2010,1,0,0,1
2012,,3D9.1C2D811155 ,MidColSthd_abvMCN,509.035.088,2010,1,0,0,1
2012,,3D9.1C2D82371C ,MidColSthd_abvMCN,509.035.088,2010,1,0,0,1
2012,,3D9.1C2D80E43D ,MidColSthd_abvMCN,509.035.088,2010,1,0,0,1
2012,,3D9.1C2D6F961C ,MidColSthd_abvMCN,509.051,2010,1,0,0,1
2012,,3D9.1C2D6F3BE7 ,MidColSthd_abvMCN,509.051,2010,1,0,0,1
2012,,3D9.1C2D6FB800 ,MidColSthd_abvMCN,509.051,2010,1,0,0,0
2012,,3D9.1C2D6EFB21 ,MidColSthd_abvMCN,509.051,2010,1,0,0,1
2012,,3D9.1C2D6FB0AF ,MidColSthd_abvMCN,509.051,2010,1,0,0,1
2012,,3D9.1C2D6F4A0C ,MidColSthd_abvMCN,509.051,2010,1,0,0,1
2012,,3D9.1C2D6F6B6B ,MidColSthd_abvMCN,509.051,2010,1,0,0,1
2012,,3D9.1C2D6F9818 ,MidColSthd_abvMCN,509.051,2010,1,0,0,1
2012,,3D9.1C2D6FF9CC ,MidColSthd_abvMCN,509.051,2010,1,0,0,1
2012,,3D9.1C2D6F4E4F ,MidColSthd_abvMCN,509.051,2010,1,0,0,1
2012,,3D9.1C2D1CE52E ,MidColSthd_abvMCN,509.054.005,2010,1,0,0,1
2012,,3D9.1C2D279608 ,MidColSthd_abvMCN,509.054.005,2010,1,0,0,1
2012,,3D9.1C2CE32D38 ,MidColSthd_abvMCN,509.054.005,2010,1,0,0,1
2012,,3D9.1C2D2659C9 ,MidColSthd_abvMCN,509.054.005,2010,1,0,0,1
2012,,3D9.1C2D266726 ,MidColSthd_abvMCN,509.054.005,2010,1,0,0,1
2012,,3D9.1C2CE34772 ,MidColSthd_abvMCN,509.054.005,2010,1,0,0,1
2012,,3D9.1C2D34AC61 ,MidColSthd_abvMCN,509.054.005,2010,1,0,0,1
2012,,3D9.1C2D33B783 ,MidColSthd_abvMCN,509.054.005,2010,1,0,0,1
2012,,3D9.1C2D34894F ,MidColSthd_abvMCN,509.054.005,2010,1,0,0,1
2012,,3D9.1C2D339079 ,MidColSthd_abvMCN,509.054.005,2010,1,0,0,1
2012,,3D9.1C2D3355FD ,MidColSthd_abvMCN,509.061,2010,1,0,0,0
2012,,3D9.1C2D3371AE ,MidColSthd_abvMCN,509.061,2010,1,0,0,1
2012,,3D9.1C2D349011 ,MidColSthd_abvMCN,509.061,2010,1,0,0,1
2012,,3D9.1C2D34A6F6 ,MidColSthd_abvMCN,509.061,2010,1,0,0,1
2012,,3D9.1C2D33E590 ,MidColSthd_abvMCN,509.061,2010,1,0,0,1
2012,,3D9.1C2D339353 ,MidColSthd_abvMCN,509.061,2010,1,0,0,1
2012,,3D9.1C2D333BD4 ,MidColSthd_abvMCN,509.061,2010,1,0,0,0
2012,,3D9.1C2D34A905 ,MidColSthd_abvMCN,509.061,2010,1,0,0,0
2012,,3D9.1C2CE3A42B ,MidColSthd_abvMCN,509.061,2010,1,0,0,1
2012,,3D9.1C2D33543F ,MidColSthd_abvMCN,509.061,2010,1,0,0,1
2012,,3D9.1C2D349AC0 ,MidColSthd_abvMCN,509.061,2010,1,0,0,1
2012,,3D9.1C2D3371CE ,MidColSthd_abvMCN,509.061,2010,1,0,0,1
2012,,3D9.1C2D3374E6 ,MidColSthd_abvMCN,509.061,2010,1,0,0,1
2012,,3D9.1C2D33E354 ,MidColSthd_abvMCN,509.061,2010,1,0,0,1
2012,,3D9.1C2CE7ED69 ,MidColSthd_abvMCN,509.061,2010,1,0,0,0
2012,,3D9.1C2CE368E8 ,MidColSthd_abvMCN,509.061,2010,1,0,0,1
2012,,3D9.1C2D338CC8 ,MidColSthd_abvMCN,509.061,2010,1,0,0,1
2012,,3D9.1C2CF1A612 ,MidColSthd_abvMCN,539.112.002,2010,1,0,0,0
2012,,3D9.1C2CE76C06 ,MidColSthd_abvMCN,539.112.002,2010,1,0,0,1
2012,,3D9.1C2CF39CC2 ,MidColSthd_abvMCN,539.130.048,2010,1,0,0,1
2012,,3D9.1C2CE7E4B0 ,MidColSthd_abvMCN,539.130.048,2010,1,0,0,1
2012,,3D9.1C2CF370C7 ,MidColSthd_abvMCN,539.172.005,2010,1,0,0,1
2012,,3D9.1C2D92CE1F ,MidColSthd_abvMCN,539.186,2010,1,0,0,1
2012,,3D9.1C2D887759 ,MidColSthd_abvMCN,539.186,2010,1,0,0,1
2012,,3D9.1C2D775412 ,MidColSthd_abvMCN,539.186,2010,1,0,0,1
2012,,3D9.1BF1D47DAD ,MidColSthd_abvMCN,539.206,2010,1,0,0,0
2012,,3D9.1C2CF93BC1 ,MidColSthd_abvMCN,539.271,2010,1,0,0,0
2012,,3D9.1C2CEBFACE ,MidColSthd_abvMCN,539.284.017,2010,1,0,0,1
2013,,3D9.1C2C98B2B1 ,MidColSthd_abvMCN,509.035.065,2011,1,1,0,1
2013,,3D9.1C2DCA3F5F ,MidColSthd_abvMCN,509.035.087,2011,1,1,0,1
2013,,3D9.1C2DCAA6CC ,MidColSthd_abvMCN,509.035.087,2011,1,1,0,1
2013,,3D9.1C2DCAAF7B ,MidColSthd_abvMCN,509.035.087,2011,1,1,0,1
2013,,3D9.1C2DC96BDE ,MidColSthd_abvMCN,509.035.087,2011,1,0,0,0
2013,,3D9.1C2DC9480C ,MidColSthd_abvMCN,509.035.087,2011,1,1,0,0
2013,,3D9.1C2DCA9B88 ,MidColSthd_abvMCN,509.035.087,2011,1,1,0,0
2013,,3D9.1C2DCA2EDF ,MidColSthd_abvMCN,509.035.087,2011,1,1,0,1
2013,,3D9.1C2DC8CDE3 ,MidColSthd_abvMCN,509.035.087,2011,1,1,0,1
2013,,3D9.1C2DC8D598 ,MidColSthd_abvMCN,509.035.087,2011,1,1,0,1
2013,,3D9.1C2DC9BB7E ,MidColSthd_abvMCN,509.035.087,2011,1,0,0,0
2013,,3D9.1C2DC976BE ,MidColSthd_abvMCN,509.035.087,2011,1,0,0,0
2013,,3D9.1C2DC9DE5D ,MidColSthd_abvMCN,509.035.087,2011,1,1,0,1
2013,,3D9.1C2CB8A9DD ,MidColSthd_abvMCN,509.035.088,2010,1,1,0,1
2013,,3D9.1C2CA9A392 ,MidColSthd_abvMCN,509.035.088,2011,1,1,0,0
2013,,3D9.1C2D049FBE ,MidColSthd_abvMCN,509.035.088,2011,1,1,0,1
2013,,3D9.1C2DC369DA ,MidColSthd_abvMCN,509.035.088,2011,1,1,0,0
2013,,3D9.1C2D048151 ,MidColSthd_abvMCN,509.035.088,2011,1,1,0,1
2013,,3D9.1C2D045DE3 ,MidColSthd_abvMCN,509.035.088,2011,1,1,0,1
2013,,3D9.1C2C97F4A0 ,MidColSthd_abvMCN,509.035.088,2011,1,1,0,1
2013,,3D9.1C2DC31947 ,MidColSthd_abvMCN,509.035.088,2011,1,1,0,0
2013,,3D9.1C2DC462AF ,MidColSthd_abvMCN,509.035.088,2011,1,1,0,1
2013,,3D9.1C2DCE5D84 ,MidColSthd_abvMCN,509.035.090,2011,1,1,0,1
2013,,3D9.1C2DCCBCE1 ,MidColSthd_abvMCN,509.035.090,2011,1,0,0,0
2013,,3D9.1C2DCE2EB6 ,MidColSthd_abvMCN,509.035.090,2011,1,1,0,0
2013,,3D9.1C2DCE5E09 ,MidColSthd_abvMCN,509.035.090,2011,1,1,0,1
2013,,3D9.1C2DCCCC30 ,MidColSthd_abvMCN,509.035.090,2011,1,0,0,0
2013,,3D9.1C2DCD853D ,MidColSthd_abvMCN,509.035.090,2011,1,1,0,1
2013,,3D9.1C2DCD378D ,MidColSthd_abvMCN,509.035.090,2011,1,1,0,1
2013,,3D9.1C2DCC8150 ,MidColSthd_abvMCN,509.035.090,2011,1,1,0,1
2013,,3D9.1C2DC92759 ,MidColSthd_abvMCN,509.048,2011,1,1,0,1
2013,,3D9.1C2DC689DC ,MidColSthd_abvMCN,509.048,2011,1,1,0,0
2013,,3D9.1C2DC9131F ,MidColSthd_abvMCN,509.048,2011,1,1,0,1
2013,,3D9.1C2DC6D345 ,MidColSthd_abvMCN,509.048,2011,1,1,0,1
2013,,3D9.1C2DCE22D9 ,MidColSthd_abvMCN,509.048,2011,1,1,0,1
2013,,3D9.1C2DB9F34B ,MidColSthd_abvMCN,509.050,2011,1,1,0,1
2013,,3D9.1C2DBA3784 ,MidColSthd_abvMCN,509.050,2011,1,1,0,1
2013,,3D9.1C2DB99B8A ,MidColSthd_abvMCN,509.050,2011,1,0,0,0
2013,,3D9.1C2DA758E8 ,MidColSthd_abvMCN,509.050,2011,1,1,0,1
2013,,3D9.1C2D33F46E ,MidColSthd_abvMCN,509.054.005,2011,1,0,0,0
2013,,3D9.1C2DBA3978 ,MidColSthd_abvMCN,509.054.005,2011,1,1,0,1
2013,,3D9.1C2D338CE0 ,MidColSthd_abvMCN,509.061,2010,1,0,0,0
2013,,3D9.1C2DA70AFA ,MidColSthd_abvMCN,509.061,2011,1,1,0,0
2013,,3D9.1C2D880037 ,MidColSthd_abvMCN,509.061,2011,1,1,0,1
2013,,3D9.1C2D856DAF ,MidColSthd_abvMCN,509.061,2011,1,1,0,1
2013,,3D9.1C2DA88BD8 ,MidColSthd_abvMCN,509.061,2011,1,1,0,1
2013,,3D9.1C2DBB1C6D ,MidColSthd_abvMCN,539.076,2011,1,1,0,1
2013,,3D9.1C2DBF31CD ,MidColSthd_abvMCN,539.076,2011,1,1,0,1
2013,,3D9.1C2D87BC3F ,MidColSthd_abvMCN,539.076,2011,1,1,0,0
2013,,3D9.1C2D87A42F ,MidColSthd_abvMCN,539.076,2011,1,0,0,0
2013,,3D9.1C2D918B9D ,MidColSthd_abvMCN,539.094,2011,1,0,0,0
2013,,3D9.1C2D7D19D6 ,MidColSthd_abvMCN,539.112.002,2011,1,1,0,1
2013,,3D9.1C2C2AC280 ,MidColSthd_abvMCN,539.130.048,2009,1,1,0,1
2013,,3D9.1C2D7C7D94 ,MidColSthd_abvMCN,539.130.048,2011,1,0,0,0
2013,,3D9.1C2D7CC9CD ,MidColSthd_abvMCN,539.130.048,2011,1,1,0,1
2013,,3D9.1C2D7D4410 ,MidColSthd_abvMCN,539.130.048,2011,1,1,0,1
2013,,3D9.1BF1B782E5 ,MidColSthd_abvMCN,539.284.017,2011,1,1,0,0
2013,,3D9.1BF1D0FC1C ,MidColSthd_abvMCN,539.284.017,2011,1,1,0,1
2013,,3D9.1BF1D14E60 ,MidColSthd_abvMCN,539.284.020,2011,1,1,0,1
2014,,3D9.1C2D05177D ,MidColSthd_abvMCN,509.035.072,2012,1,1,0,1
2014,,3D9.1C2D9C3D6E ,MidColSthd_abvMCN,509.035.072,2012,1,1,0,1
2014,,3D9.1C2D052319 ,MidColSthd_abvMCN,509.035.072,2012,1,1,0,1
2014,,3D9.1C2D9DD7C6 ,MidColSthd_abvMCN,509.035.072,2012,1,1,0,1
2014,,3D9.1C2D052A31 ,MidColSthd_abvMCN,509.035.072,2012,1,1,0,1
2014,,3D9.1C2D04C8D1 ,MidColSthd_abvMCN,509.035.072,2012,1,0,0,0
2014,,3D9.1C2D9DE550 ,MidColSthd_abvMCN,509.035.072,2012,1,1,0,0
2014,,3D9.1C2D04C27E ,MidColSthd_abvMCN,509.035.072,2012,1,1,0,1
2014,,3D9.1C2D9E1C34 ,MidColSthd_abvMCN,509.035.072,2012,1,0,0,0
2014,,3D9.1C2D9D350B ,MidColSthd_abvMCN,509.035.072,2012,1,1,0,1
2014,,3D9.1C2D051F0F ,MidColSthd_abvMCN,509.035.072,2012,1,1,0,1
2014,,3D9.1C2D9D9A47 ,MidColSthd_abvMCN,509.035.072,2012,1,1,0,1
2014,,3D9.1C2D9DDDF5 ,MidColSthd_abvMCN,509.035.072,2012,1,1,0,1
2014,,3D9.1C2D9E220C ,MidColSthd_abvMCN,509.035.072,2012,1,1,0,1
2014,,3D9.1C2D9CC518 ,MidColSthd_abvMCN,509.035.072,2012,1,1,0,0
2014,,3D9.1C2D9E2C57 ,MidColSthd_abvMCN,509.035.072,2012,1,1,0,1
2014,,3D9.1C2D9DC988 ,MidColSthd_abvMCN,509.035.072,2012,1,1,0,1
2014,,3D9.1C2D04EECA ,MidColSthd_abvMCN,509.035.072,2012,1,0,0,0
2014,,3D9.1C2D9DC319 ,MidColSthd_abvMCN,509.035.072,2012,1,0,0,0
2014,,3D9.1C2DD4ADE9 ,MidColSthd_abvMCN,509.035.087,2012,1,1,0,1
2014,,3D9.1C2DD5BCDF ,MidColSthd_abvMCN,509.035.087,2012,1,1,0,1
2014,,3D9.1C2DD60D0A ,MidColSthd_abvMCN,509.035.087,2012,1,1,0,1
2014,,3D9.1C2DD3E7A2 ,MidColSthd_abvMCN,509.035.087,2012,1,1,0,0
2014,,3D9.1C2DD49853 ,MidColSthd_abvMCN,509.035.087,2012,1,1,0,1
2014,,3D9.1C2DD495B9 ,MidColSthd_abvMCN,509.035.087,2012,1,1,0,1
2014,,3D9.1C2DD45FC0 ,MidColSthd_abvMCN,509.035.087,2012,1,1,0,1
2014,,3D9.1C2DD3F2F2 ,MidColSthd_abvMCN,509.035.087,2012,1,0,0,0
2014,,3D9.1C2DD44D2B ,MidColSthd_abvMCN,509.035.087,2012,1,0,0,0
2014,,3D9.1C2DD34AFB ,MidColSthd_abvMCN,509.035.087,2012,1,0,0,0
2014,,3D9.1C2DD36F39 ,MidColSthd_abvMCN,509.035.087,2012,1,1,0,1
2014,,3D9.1C2DD43E75 ,MidColSthd_abvMCN,509.035.087,2012,1,1,0,1
2014,,3D9.1C2DD60716 ,MidColSthd_abvMCN,509.035.087,2012,1,1,0,1
2014,,3D9.1C2DD3DCA5 ,MidColSthd_abvMCN,509.035.087,2012,1,1,0,1
2014,,3D9.1C2DD59CF9 ,MidColSthd_abvMCN,509.035.087,2012,1,1,0,1
2014,,3D9.1C2DD3F1DE ,MidColSthd_abvMCN,509.035.087,2012,1,1,0,1
2014,,3D9.1C2DD5927A ,MidColSthd_abvMCN,509.035.087,2012,1,1,0,1
2014,,3D9.1C2DD4CB65 ,MidColSthd_abvMCN,509.035.087,2012,1,1,0,1
2014,,3D9.1C2DD425C1 ,MidColSthd_abvMCN,509.035.087,2012,1,1,0,1
2014,,3D9.1C2DD365FB ,MidColSthd_abvMCN,509.035.087,2012,1,1,0,1
2014,,3D9.1C2DD6079E ,MidColSthd_abvMCN,509.035.087,2012,1,1,0,1
2014,,3D9.1C2DD3EA62 ,MidColSthd_abvMCN,509.035.087,2012,1,1,0,1
2014,,3D9.1C2DD3B133 ,MidColSthd_abvMCN,509.035.087,2012,1,1,0,1
2014,,3D9.1C2DD3D174 ,MidColSthd_abvMCN,509.035.087,2012,1,1,0,1
2014,,3D9.1C2DD4488C ,MidColSthd_abvMCN,509.035.087,2012,1,1,0,1
2014,,3D9.1C2DD3CCE7 ,MidColSthd_abvMCN,509.035.087,2012,1,0,0,0
2014,,3D9.1C2DD60799 ,MidColSthd_abvMCN,509.035.087,2012,1,1,0,1
2014,,3D9.1C2DD44A62 ,MidColSthd_abvMCN,509.035.087,2012,1,0,0,0
2014,,3D9.1C2DD43A32 ,MidColSthd_abvMCN,509.035.087,2012,1,1,0,1
2014,,3D9.1C2DD3C779 ,MidColSthd_abvMCN,509.035.087,2012,1,1,0,1
2014,,3D9.1C2DD3A6CF ,MidColSthd_abvMCN,509.035.088,2012,1,1,0,1
2014,,3D9.1C2D9B6D9A ,MidColSthd_abvMCN,509.035.088,2012,1,1,0,1
2014,,3D9.1C2DD5FC5B ,MidColSthd_abvMCN,509.035.088,2012,1,1,0,1
2014,,3D9.1C2DD60CB8 ,MidColSthd_abvMCN,509.035.088,2012,1,1,0,1
2014,,3D9.1C2DD59D22 ,MidColSthd_abvMCN,509.035.088,2012,1,1,0,1
2014,,3D9.1C2DD61B6E ,MidColSthd_abvMCN,509.035.088,2012,1,0,0,0
2014,,3D9.1C2DD61661 ,MidColSthd_abvMCN,509.035.088,2012,1,0,0,0
2014,,3D9.1C2DD60E54 ,MidColSthd_abvMCN,509.035.088,2012,1,1,0,1
2014,,3D9.1C2DD3DC57 ,MidColSthd_abvMCN,509.035.088,2012,1,1,0,1
2014,,3D9.1C2DD61AE3 ,MidColSthd_abvMCN,509.035.088,2012,1,1,0,1
2014,,3D9.1C2D9BC034 ,MidColSthd_abvMCN,509.035.088,2012,1,1,0,1
2014,,3D9.1C2DD4A53E ,MidColSthd_abvMCN,509.035.088,2012,1,1,0,1
2014,,3D9.1C2DD5EBC1 ,MidColSthd_abvMCN,509.035.088,2012,1,1,0,1
2014,,3D9.1C2DD5D688 ,MidColSthd_abvMCN,509.035.088,2012,1,0,0,0
2014,,3D9.1C2DD535B7 ,MidColSthd_abvMCN,509.035.088,2012,1,1,0,0
2014,,3D9.1C2DD5C4C9 ,MidColSthd_abvMCN,509.035.088,2012,1,1,0,1
2014,,3D9.1C2DD4F748 ,MidColSthd_abvMCN,509.035.088,2012,1,1,0,0
2014,,3D9.1C2D9D9D7A ,MidColSthd_abvMCN,509.035.088,2012,1,0,0,0
2014,,3D9.1C2DD5ADA3 ,MidColSthd_abvMCN,509.035.088,2012,1,1,0,1
2014,,3D9.1C2DD58830 ,MidColSthd_abvMCN,509.035.088,2012,1,1,0,1
2014,,3D9.1C2D9B20FE ,MidColSthd_abvMCN,509.035.088,2012,1,1,0,1
2014,,3D9.1C2DD5B551 ,MidColSthd_abvMCN,509.035.088,2012,1,1,0,0
2014,,3D9.1C2DD589BB ,MidColSthd_abvMCN,509.035.088,2012,1,1,0,1
2014,,3D9.1C2D0481E9 ,MidColSthd_abvMCN,509.035.088,2012,1,1,0,1
2014,,3D9.1C2DD5DFE5 ,MidColSthd_abvMCN,509.035.088,2012,1,0,0,0
2014,,3D9.1C2DD43829 ,MidColSthd_abvMCN,509.035.088,2012,1,0,0,0
2014,,3D9.1C2DD5B6C1 ,MidColSthd_abvMCN,509.035.088,2012,1,1,0,1
2014,,3D9.1C2D04D4E2 ,MidColSthd_abvMCN,509.035.088,2012,1,1,0,1
2014,,3D9.1C2DD52392 ,MidColSthd_abvMCN,509.035.088,2012,1,1,0,1
2014,,3D9.1C2DD5ECF7 ,MidColSthd_abvMCN,509.035.088,2012,1,1,0,1
2014,,3D9.1C2D9BC19D ,MidColSthd_abvMCN,509.035.088,2012,1,1,0,1
2014,,3D9.1C2D9DE0FB ,MidColSthd_abvMCN,509.035.088,2012,1,1,0,1
2014,,3D9.1C2DD6005A ,MidColSthd_abvMCN,509.035.088,2012,1,1,0,1
2014,,3D9.1C2DD432A3 ,MidColSthd_abvMCN,509.048,2012,1,0,0,0
2014,,3D9.1C2DD361EF ,MidColSthd_abvMCN,509.048,2012,1,1,0,1
2014,,3D9.1C2DD3D520 ,MidColSthd_abvMCN,509.048,2012,1,1,0,1
2014,,3D9.1C2DD421E3 ,MidColSthd_abvMCN,509.048,2012,1,1,0,0
2014,,3D9.1C2DD41EA3 ,MidColSthd_abvMCN,509.048,2012,1,1,0,1
2014,,3D9.1C2DD60D7B ,MidColSthd_abvMCN,509.048,2012,1,1,0,1
2014,,3D9.1C2DD40491 ,MidColSthd_abvMCN,509.048,2012,1,1,0,1
2014,,3D9.1C2DD43B9E ,MidColSthd_abvMCN,509.048,2012,1,0,0,0
2014,,3D9.1C2DD5185E ,MidColSthd_abvMCN,509.048,2012,1,1,0,1
2014,,3D9.1C2DD5EC98 ,MidColSthd_abvMCN,509.048,2012,1,1,0,1
2014,,3D9.1C2DD365E5 ,MidColSthd_abvMCN,509.048,2012,1,1,0,0
2014,,3D9.1C2DD5D16D ,MidColSthd_abvMCN,509.048,2012,1,1,0,1
2014,,3D9.1C2DD44034 ,MidColSthd_abvMCN,509.048,2012,1,1,0,1
2014,,3D9.1C2DD492A8 ,MidColSthd_abvMCN,509.048,2012,1,1,0,1
2014,,3D9.1C2DD3D026 ,MidColSthd_abvMCN,509.048,2012,1,1,0,1
2014,,3D9.1C2DD3DBAA ,MidColSthd_abvMCN,509.048,2012,1,1,0,0
2014,,3D9.1C2DD42ECB ,MidColSthd_abvMCN,509.048,2012,1,1,0,1
2014,,3D9.1C2DD35405 ,MidColSthd_abvMCN,509.048,2012,1,1,0,1
2014,,3D9.1C2DD33168 ,MidColSthd_abvMCN,509.048,2012,1,1,0,1
2014,,3D9.1C2DD3DB1A ,MidColSthd_abvMCN,509.048,2012,1,1,0,1
2014,,3D9.1C2DD3E596 ,MidColSthd_abvMCN,509.048,2012,1,1,0,1
2014,,3D9.1C2DD421E5 ,MidColSthd_abvMCN,509.048,2012,1,1,0,1
2014,,3D9.1C2DD49F53 ,MidColSthd_abvMCN,509.048,2012,1,1,0,1
2014,,3D9.1C2DD3FB96 ,MidColSthd_abvMCN,509.048,2012,1,0,0,0
2014,,3D9.1C2DB70C6C ,MidColSthd_abvMCN,509.050,2012,1,1,0,1
2014,,3D9.1C2DB6EF19 ,MidColSthd_abvMCN,509.050,2012,1,1,0,1
2014,,3D9.1C2DB4DF6C ,MidColSthd_abvMCN,509.050,2012,1,1,0,1
2014,,3D9.1C2DB6E2F0 ,MidColSthd_abvMCN,509.061,2012,1,1,0,1
2014,,3D9.1C2DB72B9F ,MidColSthd_abvMCN,509.061,2012,1,1,0,1
2014,,3D9.1C2DAC24A0 ,MidColSthd_abvMCN,509.061,2012,1,1,0,1
2014,,3D9.1C2DB6A65E ,MidColSthd_abvMCN,509.061,2012,1,1,0,1
2014,,3D9.1C2DB2F887 ,MidColSthd_abvMCN,509.061,2012,1,1,0,1
2014,,3D9.1C2DB75296 ,MidColSthd_abvMCN,509.061,2012,1,1,0,1
2014,,3D9.1C2DB72AE2 ,MidColSthd_abvMCN,509.061,2012,1,1,0,1
2014,,3D9.1C2DB4E9E1 ,MidColSthd_abvMCN,509.061,2012,1,1,0,1
2014,,3D9.1C2DAC277B ,MidColSthd_abvMCN,509.061,2012,1,1,0,1
2014,,3D9.1C2C516D58 ,MidColSthd_abvMCN,539,2012,1,0,0,0
2014,,3D9.1C2DBB6176 ,MidColSthd_abvMCN,539.076,2012,1,1,0,1
2014,,3D9.1C2DBC086E ,MidColSthd_abvMCN,539.076,2012,1,1,0,1
2014,,3D9.1C2DBEF061 ,MidColSthd_abvMCN,539.076,2012,1,1,0,1
2014,,3D9.1C2DBE84C2 ,MidColSthd_abvMCN,539.076,2012,1,0,0,0
2014,,3D9.1C2DBC5A1E ,MidColSthd_abvMCN,539.076,2012,1,1,0,1
2014,,3D9.1C2DB9B29F ,MidColSthd_abvMCN,539.076,2012,1,1,0,1
2014,,3D9.1C2DBE8580 ,MidColSthd_abvMCN,539.076,2012,1,1,0,1
2014,,3D9.1C2DBE253B ,MidColSthd_abvMCN,539.076,2012,1,1,0,0
2014,,3D9.1C2DC435DB ,MidColSthd_abvMCN,539.076,2012,1,1,0,1
2014,,3D9.1C2DBEF59E ,MidColSthd_abvMCN,539.076,2012,1,1,0,1
2014,,3D9.1C2DA569F2 ,MidColSthd_abvMCN,539.076,2012,1,1,0,1
2014,,3D9.1C2DBC0CE4 ,MidColSthd_abvMCN,539.076,2012,1,1,0,1
2014,,3D9.1C2DBF7773 ,MidColSthd_abvMCN,539.076,2012,1,1,0,1
2014,,3D9.1C2DBB79DB ,MidColSthd_abvMCN,539.076,2012,1,1,0,1
2014,,3D9.1C2DBF14BF ,MidColSthd_abvMCN,539.076,2012,1,0,0,0
2014,,3D9.1C2DB5FF71 ,MidColSthd_abvMCN,539.077,2012,1,1,0,0
2014,,3D9.1C2DA83EF6 ,MidColSthd_abvMCN,539.112.002,2012,1,1,0,1
2014,,3D9.1C2DAA49FF ,MidColSthd_abvMCN,539.112.002,2012,1,1,0,1
2014,,3D9.1C2DAA8A9E ,MidColSthd_abvMCN,539.112.002,2012,1,1,0,0
2014,,3D9.1C2DA7E876 ,MidColSthd_abvMCN,539.112.002,2012,1,1,0,1
2014,,3D9.1C2DAA7DD2 ,MidColSthd_abvMCN,539.130.001,2012,1,0,0,0
2014,,3D9.1C2DA602D3 ,MidColSthd_abvMCN,539.130.048,2012,1,1,0,1
2014,,3D9.1C2DA7DC18 ,MidColSthd_abvMCN,539.130.048,2012,1,1,0,1
2014,,3D9.1C2DB8708F ,MidColSthd_abvMCN,539.130.048,2012,1,0,0,0
2014,,3D9.1C2DA7A1E7 ,MidColSthd_abvMCN,539.130.048,2012,1,1,0,1
2014,,3D9.1C2DAD02BF ,MidColSthd_abvMCN,539.130.048,2012,1,1,0,1
2014,,3D9.1C2DA8908F ,MidColSthd_abvMCN,539.130.048,2012,1,1,0,1
2014,,3D9.1C2DA7F113 ,MidColSthd_abvMCN,539.172.005,2012,1,1,0,1
2014,,3D9.1C2DA800B6 ,MidColSthd_abvMCN,539.172.005,2012,1,1,0,1
2014,,3D9.1C2D7EC5B8 ,MidColSthd_abvMCN,539.206,2012,1,1,0,1
2014,,3D9.1C2D7FB3DF ,MidColSthd_abvMCN,539.271,2012,1,1,0,1
2014,,3D9.1C2D84436F ,MidColSthd_abvMCN,539.271,2012,1,1,0,1
2014,,3D9.1C2D75F4A7 ,MidColSthd_abvMCN,539.274,2012,1,1,0,1
2014,,3D9.1BF25777C1 ,MidColSthd_abvMCN,539.274,2012,1,1,0,1
2014,,3D9.1C2D80856A ,MidColSthd_abvMCN,539.274,2012,1,0,0,0
2014,,3D9.1C2D7FB503 ,MidColSthd_abvMCN,539.284,2012,1,1,0,1
2014,,3D9.1C2D7FE72F ,MidColSthd_abvMCN,539.284,2012,1,1,0,1
2014,,3D9.1C2D7F93A4 ,MidColSthd_abvMCN,539.284,2012,1,1,0,1
2014,,3D9.1BF1D4D5A6 ,MidColSthd_abvMCN,539.284.017,2011,1,1,0,1
2014,,3D9.1C2D71985A ,MidColSthd_abvMCN,539.284.017,2012,1,1,0,1
2014,,3D9.1C2D804D34 ,MidColSthd_abvMCN,539.284.017,2012,1,1,0,1
2014,,3D9.1C2D7FB904 ,MidColSthd_abvMCN,539.284.020,2012,1,1,0,1
2014,,3D9.1C2D7FD0DB ,MidColSthd_abvMCN,539.284.020,2012,1,1,0,1
2014,,3D9.1C2D7DCBC2 ,MidColSthd_abvMCN,539.284.020,2012,1,1,0,1
2015,,3D9.1C2D9C3D6E ,MidColSthd_abvMCN,509.035.072,2012,1,1,0,1
2015,,3D9.1C2D9C6B88 ,MidColSthd_abvMCN,509.035.072,2012,1,1,0,1
2015,,3D9.1C2CFE6878 ,MidColSthd_abvMCN,509.035.072,2013,1,1,0,1
2015,,3D9.1C2DDA8087 ,MidColSthd_abvMCN,509.035.072,2013,1,1,0,1
2015,,3D9.1C2D02288F ,MidColSthd_abvMCN,509.035.072,2013,1,1,0,1
2015,,3D9.1C2DDA1821 ,MidColSthd_abvMCN,509.035.072,2013,1,1,0,1
2015,,3D9.1C2D9DCEB5 ,MidColSthd_abvMCN,509.035.072,2013,1,1,0,1
2015,,3D9.1C2CF072FF ,MidColSthd_abvMCN,509.035.072,2013,1,1,0,1
2015,,3D9.1C2D9CB365 ,MidColSthd_abvMCN,509.035.072,2013,1,1,0,1
2015,,3D9.1C2DDA9AEB ,MidColSthd_abvMCN,509.035.072,2013,1,1,0,1
2015,,3D9.1C2CFD9C04 ,MidColSthd_abvMCN,509.035.072,2013,1,1,0,1
2015,,3D9.1C2D9B4767 ,MidColSthd_abvMCN,509.035.072,2013,1,1,0,1
2015,,3D9.1C2CFDA699 ,MidColSthd_abvMCN,509.035.072,2013,1,0,0,0
2015,,3D9.1C2DDA7B60 ,MidColSthd_abvMCN,509.035.072,2013,1,0,0,0
2015,,3D9.1C2D9DBDAD ,MidColSthd_abvMCN,509.035.072,2013,1,1,0,1
2015,,3D9.1C2DDB45DA ,MidColSthd_abvMCN,509.035.072,2013,1,0,0,0
2015,,3D9.1C2DD9C506 ,MidColSthd_abvMCN,509.035.072,2013,1,1,0,0
2015,,3D9.1C2DDAC098 ,MidColSthd_abvMCN,509.035.072,2013,1,1,0,0
2015,,3D9.1C2CFEC0A9 ,MidColSthd_abvMCN,509.035.072,2013,1,1,0,1
2015,,3D9.1C2D0519A2 ,MidColSthd_abvMCN,509.035.072,2013,1,1,0,1
2015,,3D9.1C2D9DE763 ,MidColSthd_abvMCN,509.035.072,2013,1,1,0,1
2015,,3D9.1C2D0E1F98 ,MidColSthd_abvMCN,509.035.072,2013,1,1,0,1
2015,,3D9.1C2D9E268B ,MidColSthd_abvMCN,509.035.072,2013,1,1,0,1
2015,,3D9.1C2D9C60E0 ,MidColSthd_abvMCN,509.035.072,2013,1,1,0,1
2015,,3D9.1C2D051C7B ,MidColSthd_abvMCN,509.035.072,2013,1,1,0,0
2015,,3D9.1C2D9DD2B4 ,MidColSthd_abvMCN,509.035.072,2013,1,1,0,1
2015,,3D9.1C2DD9FBB1 ,MidColSthd_abvMCN,509.035.072,2013,1,1,0,1
2015,,3D9.1C2DDA6F70 ,MidColSthd_abvMCN,509.035.072,2013,1,1,0,1
2015,,3DD.003B9D4F64 ,MidColSthd_abvMCN,509.035.085,2013,1,1,0,1
2015,,3DD.003B9D4685 ,MidColSthd_abvMCN,509.035.085,2013,1,0,0,0
2015,,3DD.003B9D410D ,MidColSthd_abvMCN,509.035.085,2013,1,0,0,0
2015,,3DD.003B9D3F5F ,MidColSthd_abvMCN,509.035.085,2013,1,1,0,1
2015,,3DD.003B9D44EA ,MidColSthd_abvMCN,509.035.085,2013,1,1,0,0
2015,,3DD.003B9D3FB3 ,MidColSthd_abvMCN,509.035.085,2013,1,1,0,1
2015,,3DD.003B9D3C2B ,MidColSthd_abvMCN,509.035.085,2013,1,1,0,1
2015,,3DD.003B9D3D29 ,MidColSthd_abvMCN,509.035.085,2013,1,1,0,1
2015,,3DD.003B9D45AC ,MidColSthd_abvMCN,509.035.085,2013,1,1,0,1
2015,,3DD.003B9D4D21 ,MidColSthd_abvMCN,509.035.085,2013,1,1,0,1
2015,,3DD.003B9D3D18 ,MidColSthd_abvMCN,509.035.085,2013,1,1,0,1
2015,,3DD.003B9D34A1 ,MidColSthd_abvMCN,509.035.087,2013,1,1,0,1
2015,,3DD.003B9D36E1 ,MidColSthd_abvMCN,509.035.087,2013,1,1,0,1
2015,,3DD.003B9D6044 ,MidColSthd_abvMCN,509.035.087,2013,1,0,0,0
2015,,3DD.003B9D347B ,MidColSthd_abvMCN,509.035.087,2013,1,1,0,1
2015,,3DD.003B9D3577 ,MidColSthd_abvMCN,509.035.087,2013,1,0,0,0
2015,,3DD.003B9D5EA5 ,MidColSthd_abvMCN,509.035.087,2013,1,1,0,1
2015,,3DD.003B9D333C ,MidColSthd_abvMCN,509.035.087,2013,1,1,0,1
2015,,3DD.003B9D6225 ,MidColSthd_abvMCN,509.035.087,2013,1,1,0,0
2015,,3DD.003B9D61AC ,MidColSthd_abvMCN,509.035.087,2013,1,1,0,1
2015,,3DD.003B9D5F32 ,MidColSthd_abvMCN,509.035.087,2013,1,1,0,1
2015,,3DD.003B9D61C8 ,MidColSthd_abvMCN,509.035.087,2013,1,1,0,1
2015,,3DD.003B9D5ED9 ,MidColSthd_abvMCN,509.035.087,2013,1,1,0,1
2015,,3DD.003B9D369F ,MidColSthd_abvMCN,509.035.087,2013,1,1,0,1
2015,,3DD.003B9D363B ,MidColSthd_abvMCN,509.035.087,2013,1,1,0,0
2015,,3D9.1C2DD9DBA9 ,MidColSthd_abvMCN,509.035.088,2013,1,0,0,0
2015,,3D9.1C2DDB8738 ,MidColSthd_abvMCN,509.035.088,2013,1,0,0,0
2015,,3D9.1C2D9DD20A ,MidColSthd_abvMCN,509.035.088,2013,1,1,0,1
2015,,3D9.1C2DDA552C ,MidColSthd_abvMCN,509.035.088,2013,1,1,0,1
2015,,3D9.1C2D9DCCBC ,MidColSthd_abvMCN,509.035.088,2013,1,1,0,1
2015,,3D9.1C2DDB72FD ,MidColSthd_abvMCN,509.035.088,2013,1,0,0,0
2015,,3D9.1C2D9BCC03 ,MidColSthd_abvMCN,509.035.088,2013,1,1,0,1
2015,,3D9.1C2DDA3835 ,MidColSthd_abvMCN,509.035.088,2013,1,1,0,1
2015,,3D9.1C2D9E219F ,MidColSthd_abvMCN,509.035.088,2013,1,1,0,1
2015,,3D9.1C2D9C388A ,MidColSthd_abvMCN,509.035.088,2013,1,1,0,1
2015,,3DD.003B9D58D8 ,MidColSthd_abvMCN,509.048,2013,1,0,0,0
2015,,3DD.003B9D5458 ,MidColSthd_abvMCN,509.048,2013,1,1,0,1
2015,,3DD.003B9D5362 ,MidColSthd_abvMCN,509.048,2013,1,1,0,1
2015,,3DD.003B9D56C4 ,MidColSthd_abvMCN,509.048,2013,1,1,0,1
2015,,3DD.003B9D4FAB ,MidColSthd_abvMCN,509.048,2013,1,1,0,0
2015,,3DD.003B9D5404 ,MidColSthd_abvMCN,509.048,2013,1,1,0,0
2015,,3DD.003B9D528D ,MidColSthd_abvMCN,509.048,2013,1,1,0,1
2015,,3DD.003B9D521B ,MidColSthd_abvMCN,509.048,2013,1,1,0,1
2015,,3DD.003B9D5093 ,MidColSthd_abvMCN,509.048,2013,1,1,0,0
2015,,3DD.003B9D569A ,MidColSthd_abvMCN,509.048,2013,1,1,0,1
2015,,3DD.003B9D5524 ,MidColSthd_abvMCN,509.048,2013,1,1,0,1
2015,,3D9.1C2DB75DBC ,MidColSthd_abvMCN,509.054.005,2013,1,1,0,1
2015,,3D9.1C2DB74354 ,MidColSthd_abvMCN,509.054.005,2013,1,0,0,0
2015,,3D9.1C2DE8F51E ,MidColSthd_abvMCN,509.054.005,2013,1,1,0,1
2015,,3D9.1C2DB30570 ,MidColSthd_abvMCN,509.054.005,2013,1,1,0,1
2015,,3D9.1C2DE91DA5 ,MidColSthd_abvMCN,509.061,2013,1,1,0,0
2015,,3D9.1C2DE9C5A5 ,MidColSthd_abvMCN,509.061,2013,1,0,0,0
2015,,3D9.1C2DAC3D5E ,MidColSthd_abvMCN,509.061,2013,1,1,0,1
2015,,3D9.1C2DB7D3D1 ,MidColSthd_abvMCN,509.061,2013,1,1,0,1
2015,,3D9.1C2DE95E4B ,MidColSthd_abvMCN,509.061,2013,1,0,0,0
2015,,3D9.1C2D7C9263 ,MidColSthd_abvMCN,539.076,2013,1,0,0,0
2015,,3D9.1C2E0DAE6E ,MidColSthd_abvMCN,539.076,2013,1,1,0,1
2015,,3D9.1C2E0DA12C ,MidColSthd_abvMCN,539.076,2013,1,1,0,1
2015,,3D9.1C2E0D4E31 ,MidColSthd_abvMCN,539.076,2013,1,1,0,1
2015,,3D9.1C2E0DBE1F ,MidColSthd_abvMCN,539.076,2013,1,0,0,1
2015,,3D9.1C2E0EDBBF ,MidColSthd_abvMCN,539.076,2013,1,1,0,1
2015,,3D9.1C2D7C98EF ,MidColSthd_abvMCN,539.076,2013,1,1,0,1
2015,,3D9.1C2D7D7820 ,MidColSthd_abvMCN,539.077,2013,1,1,0,1
2015,,3D9.1C2D806604 ,MidColSthd_abvMCN,539.077,2013,1,0,0,0
2015,,3D9.1C2DA86382 ,MidColSthd_abvMCN,539.112.002,2013,1,0,0,0
2015,,3D9.1C2DA5C927 ,MidColSthd_abvMCN,539.130.048,2013,1,1,0,1
2015,,3D9.1C2DA84F8F ,MidColSthd_abvMCN,539.130.048,2013,1,1,0,1
2015,,3D9.1C2DACE94D ,MidColSthd_abvMCN,539.130.048,2013,1,1,0,1
2015,,3D9.1C2DA84903 ,MidColSthd_abvMCN,539.130.048,2013,1,1,0,1
2015,,3D9.1C2DA7A2DB ,MidColSthd_abvMCN,539.172.005,2013,1,0,0,0
2015,,3D9.1C2E05FAAE ,MidColSthd_abvMCN,539.187.028.003,2013,1,1,0,0
2015,,3D9.1C2DAEE321 ,MidColSthd_abvMCN,539.187.028.016,2013,1,1,0,1
2015,,3D9.1C2DAFE4F2 ,MidColSthd_abvMCN,539.187.028.023,2013,1,1,0,0
2015,,3D9.1C2DAFFF1C ,MidColSthd_abvMCN,539.187.028.024,2013,1,1,0,0
2015,,3D9.1C2DFFC432 ,MidColSthd_abvMCN,539.187.035,2013,1,1,0,1
2015,,3D9.1C2DBC0AD3 ,MidColSthd_abvMCN,539.187.045,2013,1,1,0,1
2015,,3D9.1C2DBB90F0 ,MidColSthd_abvMCN,539.187.045,2013,1,0,0,1
2015,,3D9.1C2DAEDBBF ,MidColSthd_abvMCN,539.187.068,2013,1,1,0,1
2015,,3D9.1C2DBBD25C ,MidColSthd_abvMCN,539.187.072.001,2013,1,0,0,0
2015,,3D9.1C2DBB28E7 ,MidColSthd_abvMCN,539.187.072.001,2013,1,1,0,1
2015,,3D9.1C2DBFBAB9 ,MidColSthd_abvMCN,539.187.072.006,2013,1,1,0,1
2015,,3D9.1C2DAFFF5C ,MidColSthd_abvMCN,539.234,2013,1,1,0,1
2015,,3D9.1C2DAD5BE1 ,MidColSthd_abvMCN,539.250,2013,1,1,0,1
2015,,3D9.1C2CF71700 ,MidColSthd_abvMCN,539.253,2013,1,0,0,0
2015,,3D9.1C2D3711E5 ,MidColSthd_abvMCN,539.271,2013,1,1,0,1
2015,,3D9.1C2D7C8F73 ,MidColSthd_abvMCN,539.274,2012,1,1,0,1
2015,,3D9.1C2D7DBDB9 ,MidColSthd_abvMCN,539.274,2012,1,1,0,1
2015,,3D9.1C2D800AA6 ,MidColSthd_abvMCN,539.274,2012,1,0,0,0
2015,,3D9.1C2DAEDABD ,MidColSthd_abvMCN,539.274,2013,1,1,0,1
2015,,3D9.1C2DAD7E63 ,MidColSthd_abvMCN,539.274,2013,1,1,0,1
2015,,3D9.1C2DB85B2C ,MidColSthd_abvMCN,539.274,2013,1,1,0,1
2015,,3D9.1C2DB82814 ,MidColSthd_abvMCN,539.274,2013,1,1,0,1
2015,,3D9.1C2DAECFBA ,MidColSthd_abvMCN,539.274,2013,1,1,0,1
2015,,3D9.1C2DB00D2F ,MidColSthd_abvMCN,539.274,2013,1,1,0,1
2015,,3D9.1C2DAECF76 ,MidColSthd_abvMCN,539.274,2013,1,1,0,0
2015,,3D9.1C2DAD5A23 ,MidColSthd_abvMCN,539.279,2013,1,1,0,1
2015,,3D9.1BF1D4AAF7 ,MidColSthd_abvMCN,539.284,2012,1,1,0,1
2015,,3D9.1C2D7FB7C9 ,MidColSthd_abvMCN,539.284,2012,1,1,0,1
2015,,3D9.1C2D7FF5A7 ,MidColSthd_abvMCN,539.284,2012,1,1,0,1
2015,,3D9.1C2DAC4159 ,MidColSthd_abvMCN,539.284,2013,1,1,0,1
2015,,3D9.1C2DAEC41A ,MidColSthd_abvMCN,539.284,2013,1,1,0,1
2015,,3D9.1C2D71985A ,MidColSthd_abvMCN,539.284.017,2012,1,1,0,1
2015,,3D9.1C2DB157DF ,MidColSthd_abvMCN,539.284.017,2013,1,1,0,0
2015,,3D9.1C2D53D8F6 ,MidColSthd_abvMCN,539.284.017,2013,1,1,0,1
2015,,3D9.1C2D7619A4 ,MidColSthd_abvMCN,539.284.020,2012,1,1,0,1
2015,,3D9.1C2D7FCE65 ,MidColSthd_abvMCN,539.284.020,2012,1,1,0,0
2015,,3D9.1C2DB8470B ,MidColSthd_abvMCN,539.284.020,2013,1,1,0,1
2015,,3D9.1C2DB84173 ,MidColSthd_abvMCN,539.284.020,2013,1,1,0,1
2015,,3D9.1C2DAD5B28 ,MidColSthd_abvMCN,539.284.020,2013,1,1,0,0
2015,,3D9.1C2D54B1D6 ,MidColSthd_abvMCN,539.284.020,2013,1,1,0,1
2015,,3D9.1C2D53D2C9 ,MidColSthd_abvMCN,539.284.020,2013,1,1,0,1
2015,,3D9.1C2DAEE026 ,MidColSthd_abvMCN,539.284.020,2013,1,0,0,0
2015,,3D9.1C2DAD4925 ,MidColSthd_abvMCN,539.284.020,2013,1,1,0,1
2015,,3D9.1C2DAD4920 ,MidColSthd_abvMCN,539.284.020,2013,1,1,0,1
2015,,3D9.1C2D54E821 ,MidColSthd_abvMCN,539.284.020,2013,1,0,0,0
2015,,3D9.1C2DAD7506 ,MidColSthd_abvMCN,539.284.020,2013,1,0,0,0
2016,,3D9.1C2DDA834B ,MidColSthd_abvMCN,509.035.072,2014,1,1,0,1
2016,,3D9.1C2DDA6C6B ,MidColSthd_abvMCN,509.035.072,2014,1,1,0,1
2016,,384.3B23A87DEA ,MidColSthd_abvMCN,509.035.085,2014,1,0,0,0
2016,,384.3B23A8955B ,MidColSthd_abvMCN,509.035.085,2014,1,1,0,1
2016,,384.3B23A93D54 ,MidColSthd_abvMCN,509.035.085,2014,1,1,0,1
2016,,384.3B23A9D932 ,MidColSthd_abvMCN,509.035.085,2014,1,1,0,1
2016,,384.3B23A7E8EB ,MidColSthd_abvMCN,509.035.085,2014,1,1,0,1
2016,,384.3B23A94BBD ,MidColSthd_abvMCN,509.035.085,2014,1,0,0,0
2016,,384.3B23AA2C8B ,MidColSthd_abvMCN,509.035.085,2014,1,1,0,1
2016,,384.3B23A8D9A4 ,MidColSthd_abvMCN,509.035.085,2014,1,1,0,1
2016,,384.3B23A9D00F ,MidColSthd_abvMCN,509.035.085,2014,1,1,0,1
2016,,384.3B23A91B96 ,MidColSthd_abvMCN,509.035.085,2014,1,1,0,1
2016,,384.3B23A94F34 ,MidColSthd_abvMCN,509.035.085,2014,1,1,0,1
2016,,384.3B23A85D71 ,MidColSthd_abvMCN,509.035.085,2014,1,1,0,1
2016,,384.3B23A97DA6 ,MidColSthd_abvMCN,509.035.085,2014,1,1,0,0
2016,,384.3B23A7F372 ,MidColSthd_abvMCN,509.035.085,2014,1,1,0,1
2016,,384.3B23A9C3AF ,MidColSthd_abvMCN,509.035.085,2014,1,0,0,0
2016,,384.3B23A94F55 ,MidColSthd_abvMCN,509.035.085,2014,1,1,0,1
2016,,384.3B23A8675D ,MidColSthd_abvMCN,509.035.085,2014,1,1,0,1
2016,,384.3B23A8D683 ,MidColSthd_abvMCN,509.035.085,2014,1,1,0,1
2016,,384.3B23A81F43 ,MidColSthd_abvMCN,509.035.085,2014,1,1,0,1
2016,,384.3B23A8E529 ,MidColSthd_abvMCN,509.035.085,2014,1,1,0,1
2016,,384.3B23A9B9C2 ,MidColSthd_abvMCN,509.035.085,2014,1,0,0,0
2016,,384.3B23A9B977 ,MidColSthd_abvMCN,509.035.085,2014,1,1,0,0
2016,,384.3B23A9257E ,MidColSthd_abvMCN,509.035.085,2014,1,1,0,1
2016,,384.3B23AA21A6 ,MidColSthd_abvMCN,509.035.085,2014,1,1,0,1
2016,,384.3B23AA0FD5 ,MidColSthd_abvMCN,509.035.085,2014,1,1,0,1
2016,,384.3B23A8889C ,MidColSthd_abvMCN,509.035.085,2014,1,1,0,1
2016,,384.3B23A8FE06 ,MidColSthd_abvMCN,509.035.085,2014,1,1,0,1
2016,,384.3B23A880E1 ,MidColSthd_abvMCN,509.035.085,2014,1,0,0,0
2016,,384.3B23A7D3E0 ,MidColSthd_abvMCN,509.035.085,2014,1,1,0,1
2016,,384.3B23A94BC0 ,MidColSthd_abvMCN,509.035.085,2014,1,1,0,0
2016,,384.3B23A8AD86 ,MidColSthd_abvMCN,509.035.085,2014,1,1,0,1
2016,,384.3B23A9DD5E ,MidColSthd_abvMCN,509.035.085,2014,1,1,0,1
2016,,384.3B23A9DD6B ,MidColSthd_abvMCN,509.035.085,2014,1,1,0,1
2016,,384.3B23A8C8AF ,MidColSthd_abvMCN,509.035.085,2014,1,0,0,0
2016,,384.3B23AA0FFE ,MidColSthd_abvMCN,509.035.085,2014,1,1,0,1
2016,,384.3B23A8ED16 ,MidColSthd_abvMCN,509.035.085,2014,1,1,0,1
2016,,384.3B23A98219 ,MidColSthd_abvMCN,509.035.085,2014,1,1,0,1
2016,,384.3B23A85CB3 ,MidColSthd_abvMCN,509.035.085,2014,1,1,0,1
2016,,384.3B23A83AE3 ,MidColSthd_abvMCN,509.035.085,2014,1,1,0,1
2016,,384.3B23A85C72 ,MidColSthd_abvMCN,509.035.085,2014,1,1,0,1
2016,,384.3B23AB34F1 ,MidColSthd_abvMCN,509.035.087,2014,1,1,0,1
2016,,384.3B23AB4D27 ,MidColSthd_abvMCN,509.035.087,2014,1,1,0,1
2016,,384.3B23AB7DF4 ,MidColSthd_abvMCN,509.035.087,2014,1,1,0,1
2016,,384.3B239D146F ,MidColSthd_abvMCN,509.035.087,2014,1,1,0,1
2016,,384.3B239C900F ,MidColSthd_abvMCN,509.035.087,2014,1,1,0,1
2016,,384.3B23AA5F03 ,MidColSthd_abvMCN,509.035.087,2014,1,1,0,1
2016,,384.3B239CBAFC ,MidColSthd_abvMCN,509.035.087,2014,1,1,0,1
2016,,384.3B23AB301F ,MidColSthd_abvMCN,509.035.087,2014,1,1,0,1
2016,,384.3B23AB6854 ,MidColSthd_abvMCN,509.035.087,2014,1,1,0,0
2016,,384.3B23AB1659 ,MidColSthd_abvMCN,509.035.087,2014,1,1,0,1
2016,,384.3B23AB1A11 ,MidColSthd_abvMCN,509.035.087,2014,1,1,0,1
2016,,384.3B23AB1E04 ,MidColSthd_abvMCN,509.035.087,2014,1,0,0,0
2016,,384.3B23AB72B2 ,MidColSthd_abvMCN,509.035.087,2014,1,1,0,0
2016,,384.3B239C9E48 ,MidColSthd_abvMCN,509.035.087,2014,1,1,0,1
2016,,3D9.1C2DDA8F55 ,MidColSthd_abvMCN,509.035.088,2013,1,1,0,1
2016,,3D9.1C2DDA0110 ,MidColSthd_abvMCN,509.035.088,2013,1,1,0,1
2016,,3D9.1C2DDB54C0 ,MidColSthd_abvMCN,509.035.088,2014,1,1,0,1
2016,,3D9.1C2DDB54E1 ,MidColSthd_abvMCN,509.035.088,2014,1,0,0,0
2016,,3D9.1C2DD9FD98 ,MidColSthd_abvMCN,509.035.088,2014,1,1,0,1
2016,,3D9.1C2DDA7E51 ,MidColSthd_abvMCN,509.035.088,2014,1,1,0,1
2016,,384.3B23A943E8 ,MidColSthd_abvMCN,509.048,2014,1,1,0,1
2016,,384.3B23A94001 ,MidColSthd_abvMCN,509.048,2014,1,1,0,1
2016,,384.3B23AB1BD8 ,MidColSthd_abvMCN,509.048,2014,1,1,0,1
2016,,384.3B23A9A9C4 ,MidColSthd_abvMCN,509.048,2014,1,1,0,1
2016,,384.3B23A98A69 ,MidColSthd_abvMCN,509.048,2014,1,1,0,0
2016,,384.3B23A9887F ,MidColSthd_abvMCN,509.048,2014,1,1,0,1
2016,,384.3B23AA2B21 ,MidColSthd_abvMCN,509.048,2014,1,1,0,1
2016,,384.3B23A9514D ,MidColSthd_abvMCN,509.048,2014,1,1,0,1
2016,,384.3B239CA956 ,MidColSthd_abvMCN,509.048,2014,1,0,0,0
2016,,384.3B23A98912 ,MidColSthd_abvMCN,509.048,2014,1,1,0,1
2016,,384.3B23A92976 ,MidColSthd_abvMCN,509.048,2014,1,0,0,0
2016,,384.3B23AB2396 ,MidColSthd_abvMCN,509.048,2014,1,1,0,0
2016,,384.3B23A9B7F6 ,MidColSthd_abvMCN,509.048,2014,1,1,0,1
2016,,384.3B23AB52C1 ,MidColSthd_abvMCN,509.048,2014,1,1,0,1
2016,,384.3B23A967B8 ,MidColSthd_abvMCN,509.048,2014,1,0,0,0
2016,,384.3B23AA2F5C ,MidColSthd_abvMCN,509.048,2014,1,1,0,0
2016,,384.3B23A93092 ,MidColSthd_abvMCN,509.048,2014,1,1,0,1
2016,,384.3B23A9A42C ,MidColSthd_abvMCN,509.048,2014,1,1,0,0
2016,,384.3B239CEDBE ,MidColSthd_abvMCN,509.048,2014,1,1,0,1
2016,,384.3B23A932FA ,MidColSthd_abvMCN,509.048,2014,1,1,0,1
2016,,384.3B23A91C60 ,MidColSthd_abvMCN,509.048,2014,1,1,0,1
2016,,3D9.1C2DEA1A62 ,MidColSthd_abvMCN,509.061,2014,1,1,0,1
2016,,3D9.1C2DE3B207 ,MidColSthd_abvMCN,509.061,2014,1,1,0,1
2016,,3D9.1C2DE903AF ,MidColSthd_abvMCN,509.061,2014,1,1,0,1
2016,,384.3B23AEFF6F ,MidColSthd_abvMCN,509.061,2014,1,0,0,0
2016,,3D9.1C2DE37E76 ,MidColSthd_abvMCN,509.061,2014,1,1,0,1
2016,,3D9.1C2DE88E0F ,MidColSthd_abvMCN,509.061,2014,1,1,0,1
2016,,3D9.1C2DE863F0 ,MidColSthd_abvMCN,509.061,2014,1,1,0,1
2016,,3D9.1C2DF0F3EB ,MidColSthd_abvMCN,539.112.002,2014,1,0,0,0
2016,,3D9.1C2DF0BD80 ,MidColSthd_abvMCN,539.130.048,2014,1,1,0,1
2016,,3D9.1C2DA628A4 ,MidColSthd_abvMCN,539.130.048,2014,1,1,0,1
2016,,3D9.1C2DF0FB30 ,MidColSthd_abvMCN,539.130.048,2014,1,1,0,1
2016,,3D9.1C2DF529C6 ,MidColSthd_abvMCN,539.176,2014,1,1,0,1
2016,,3D9.1C2DAEE32A ,MidColSthd_abvMCN,539.187.028.006,2013,1,1,0,1
2016,,3D9.1C2E057F1B ,MidColSthd_abvMCN,539.187.035,2013,1,1,0,1
2016,,3D9.1C2E08FFC4 ,MidColSthd_abvMCN,539.187.045.014,2014,1,1,0,1
2016,,3D9.1C2DFF8FE4 ,MidColSthd_abvMCN,539.187.072.017,2014,1,1,0,1
2016,,3D9.1C2E05D4F7 ,MidColSthd_abvMCN,539.187.072.018,2014,1,1,0,1
2016,,3D9.1C2E09A688 ,MidColSthd_abvMCN,539.261,2014,1,1,0,1
2016,,3D9.1C2DBC13CC ,MidColSthd_abvMCN,539.271.003,2014,1,1,0,1
2016,,3D9.1C2DAECFBA ,MidColSthd_abvMCN,539.274,2013,1,1,0,1
2016,,3D9.1C2DAE7D7B ,MidColSthd_abvMCN,539.279,2013,1,1,0,0
2016,,3D9.1C2E093F81 ,MidColSthd_abvMCN,539.284.001,2014,1,1,0,1
2016,,3D9.1C2E0A188B ,MidColSthd_abvMCN,539.284.012,2014,1,1,0,1
2016,,3D9.1C2E0914B5 ,MidColSthd_abvMCN,539.284.020.003,2014,1,1,0,1
2016,,3D9.1C2DF83D9A ,MidColSthd_abvMCN,539.284.020.003,2014,1,1,0,1
2017,,3D9.1C2DDA627C ,MidColSthd_abvMCN,509.035.051,2015,1,1,0,1
2017,,3D9.1C2DDA3316 ,MidColSthd_abvMCN,509.035.051,2015,1,1,0,1
2017,,3D9.1C2DDA93C4 ,MidColSthd_abvMCN,509.035.051,2015,1,0,0,0
2017,,3D9.1C2DDA740C ,MidColSthd_abvMCN,509.035.051,2015,1,1,0,1
2017,,3D9.1C2DDB38C9 ,MidColSthd_abvMCN,509.035.051,2015,1,1,0,1
2017,,3D9.1C2DD9E07D ,MidColSthd_abvMCN,509.035.051,2015,1,1,0,1
2017,,3DD.0077432B2B ,MidColSthd_abvMCN,509.035.085,2015,1,1,0,1
2017,,3DD.0077431322 ,MidColSthd_abvMCN,509.035.085,2015,1,0,0,0
2017,,3DD.007743BB9C ,MidColSthd_abvMCN,509.035.085,2015,1,1,0,1
2017,,3DD.0077438DAC ,MidColSthd_abvMCN,509.035.085,2015,1,1,0,1
2017,,3DD.007743DF86 ,MidColSthd_abvMCN,509.035.085,2015,1,1,0,1
2017,,3DD.00774ABF47 ,MidColSthd_abvMCN,509.035.087,2015,1,1,0,1
2017,,3DD.007749C12B ,MidColSthd_abvMCN,509.035.087,2015,1,1,0,1
2017,,3DD.00774A2B5C ,MidColSthd_abvMCN,509.035.087,2015,1,1,0,1
2017,,3DD.007749A1A8 ,MidColSthd_abvMCN,509.035.087,2015,1,1,0,1
2017,,3DD.0077678AEA ,MidColSthd_abvMCN,509.048,2015,1,1,0,1
2017,,3DD.0077670A99 ,MidColSthd_abvMCN,509.048,2015,1,1,0,0
2017,,3DD.00774A675E ,MidColSthd_abvMCN,509.048,2015,1,1,0,1
2017,,3DD.007749DBB0 ,MidColSthd_abvMCN,509.048,2015,1,1,0,0
2017,,3DD.00774A6526 ,MidColSthd_abvMCN,539.172.035,2015,1,1,0,1
2017,,384.3B23A41A91 ,MidColSthd_abvMCN,539.187.004.026,2015,1,1,0,1
2017,,3DD.0077497311 ,MidColSthd_abvMCN,539.187.007,2015,1,0,0,0
2017,,3DD.0077492C2B ,MidColSthd_abvMCN,539.187.028.003.004,2015,1,1,0,1
2017,,3DD.0077498485 ,MidColSthd_abvMCN,539.187.028.014,2015,1,1,0,1
2017,,384.3B23A497E0 ,MidColSthd_abvMCN,539.187.045.013,2015,1,1,0,1
2017,,384.3B23B1FC5E ,MidColSthd_abvMCN,539.187.047.004,2015,1,1,0,1
2017,,384.3B23A6F7D8 ,MidColSthd_abvMCN,539.187.050,2015,1,1,0,1
2017,,3DD.0077498ED0 ,MidColSthd_abvMCN,539.187.055,2015,1,1,0,0
2017,,3DD.0077498BB7 ,MidColSthd_abvMCN,539.187.072.005,2015,1,1,0,1
2017,,3DD.0077498E2B ,MidColSthd_abvMCN,539.187.073,2015,1,1,0,1
2017,,3D9.1C2DBC13CC ,MidColSthd_abvMCN,539.271.003,2014,1,1,0,1
2017,,384.3B23A7B970 ,MidColSthd_abvMCN,539.284.017.002,2015,1,0,0,0
2018,,3DD.007786ED8F ,MidColSthd_abvMCN,509.035.051,2016,1,1,1,1
2018,,3DD.0077873AB3 ,MidColSthd_abvMCN,509.035.051,2016,1,1,1,1
2018,,3DD.00778894B6 ,MidColSthd_abvMCN,509.035.051,2016,1,1,1,1
2018,,3DD.0077874509 ,MidColSthd_abvMCN,509.035.051,2016,1,0,0,0
2018,,3DD.00773A67CB ,MidColSthd_abvMCN,509.035.051,2016,1,1,1,1
2018,,3DD.00773A23F7 ,MidColSthd_abvMCN,509.035.051,2016,1,1,1,1
2018,,3DD.0077881220 ,MidColSthd_abvMCN,509.035.051,2016,1,1,1,1
2018,,3DD.00773B0FB9 ,MidColSthd_abvMCN,509.035.051,2016,1,1,1,1
2018,,3DD.0077873D1C ,MidColSthd_abvMCN,509.035.051,2016,1,1,1,1
2018,,3D9.1C2DDAD982 ,MidColSthd_abvMCN,509.035.051,2016,1,1,1,1
2018,,3D9.1C2DDADA72 ,MidColSthd_abvMCN,509.035.051,2016,1,1,1,1
2018,,3DD.00773A2855 ,MidColSthd_abvMCN,509.035.051,2016,1,0,0,0
2018,,3DD.00773AF8B0 ,MidColSthd_abvMCN,509.035.051,2016,1,1,1,1
2018,,3DD.00777EB517 ,MidColSthd_abvMCN,509.035.087,2016,1,1,1,1
2018,,3DD.007786ECE8 ,MidColSthd_abvMCN,509.035.087,2016,1,1,1,1
2018,,3DD.00777559AD ,MidColSthd_abvMCN,509.035.087,2016,1,0,0,0
2018,,3DD.00777E150A ,MidColSthd_abvMCN,509.035.087,2016,1,1,1,1
2018,,3DD.007771CC0E ,MidColSthd_abvMCN,509.035.087,2016,1,0,0,0
2018,,3DD.00777EA4E8 ,MidColSthd_abvMCN,509.035.087,2016,1,1,0,0
2018,,3DD.00777506FC ,MidColSthd_abvMCN,509.035.087,2016,1,1,1,1
2018,,3DD.007774DAE3 ,MidColSthd_abvMCN,509.035.087,2016,1,1,0,0
2018,,3DD.007774C568 ,MidColSthd_abvMCN,509.035.087,2016,1,0,0,0
2018,,3DD.007775393A ,MidColSthd_abvMCN,509.035.087,2016,1,1,1,1
2018,,3DD.0077870668 ,MidColSthd_abvMCN,509.035.087,2016,1,1,1,1
2018,,3DD.007787DDB7 ,MidColSthd_abvMCN,509.035.087,2016,1,1,1,1
2018,,3DD.007787C2AC ,MidColSthd_abvMCN,509.035.087,2016,1,1,1,1
2018,,3DD.00778711D2 ,MidColSthd_abvMCN,509.035.087,2016,1,1,1,1
2018,,3DD.00777F1B53 ,MidColSthd_abvMCN,509.035.087,2016,1,1,1,1
2018,,3DD.0077755A5D ,MidColSthd_abvMCN,509.035.087,2016,1,0,0,0
2018,,3DD.00777E3D20 ,MidColSthd_abvMCN,509.035.087,2016,1,1,1,1
2018,,3DD.00777EB120 ,MidColSthd_abvMCN,509.035.087,2016,1,1,1,1
2018,,3DD.007787CCCD ,MidColSthd_abvMCN,509.035.087,2016,1,1,1,1
2018,,3DD.007786F79D ,MidColSthd_abvMCN,509.035.087,2016,1,1,1,1
2018,,3DD.00777F3773 ,MidColSthd_abvMCN,509.035.087,2016,1,1,1,1
2018,,3DD.00777E412B ,MidColSthd_abvMCN,509.035.087,2016,1,1,1,1
2018,,3DD.007774F55E ,MidColSthd_abvMCN,509.035.087,2016,1,1,1,1
2018,,3DD.007772CFD6 ,MidColSthd_abvMCN,509.035.087,2016,1,1,1,1
2018,,3DD.00777E8B95 ,MidColSthd_abvMCN,509.035.087,2016,1,1,1,1
2018,,3DD.00777DA872 ,MidColSthd_abvMCN,509.048,2016,1,1,1,1
2018,,3DD.00777D89B3 ,MidColSthd_abvMCN,509.048,2016,1,1,1,1
2018,,3DD.0077668BF7 ,MidColSthd_abvMCN,509.048,2016,1,0,0,0
2018,,3DD.00777E83A6 ,MidColSthd_abvMCN,509.048,2016,1,1,1,1
2018,,3DD.00777DDDF3 ,MidColSthd_abvMCN,509.048,2016,1,1,1,1
2018,,3DD.00777E82ED ,MidColSthd_abvMCN,509.048,2016,1,1,1,1
2018,,3DD.00777F2B1F ,MidColSthd_abvMCN,509.048,2016,1,0,1,1
2018,,384.3B23A91842 ,MidColSthd_abvMCN,539.130.048,2016,1,1,1,1
2018,,384.3B23A8BBDA ,MidColSthd_abvMCN,539.130.048,2016,1,1,1,1
2018,,384.3B23A6FB76 ,MidColSthd_abvMCN,539.130.048,2016,1,1,1,1
2018,,3DD.0077494BC9 ,MidColSthd_abvMCN,539.172.035,2016,1,1,1,1
2018,,3DD.0077558897 ,MidColSthd_abvMCN,539.187.004.021,2016,1,0,0,0
2018,,3DD.0077561DA4 ,MidColSthd_abvMCN,539.187.028.006,2016,1,0,0,0
2018,,3DD.00774A00C3 ,MidColSthd_abvMCN,539.187.055,2016,1,1,1,1
2018,,3DD.0077496560 ,MidColSthd_abvMCN,539.187.072.006,2016,1,0,0,0
2018,,3DD.007748A997 ,MidColSthd_abvMCN,539.187.072.006.004,2016,1,1,1,1
2018,,3DD.00774A574B ,MidColSthd_abvMCN,539.187.073,2016,1,1,1,1
2018,,3DD.0077499E09 ,MidColSthd_abvMCN,539.253.025,2016,1,0,0,0
2019,,3DD.007787499E ,MidColSthd_abvMCN,509.035.051,2017,1,1,1,1
2019,,3DD.0077877964 ,MidColSthd_abvMCN,509.035.051,2017,1,1,1,1
2019,,3DD.0077871E60 ,MidColSthd_abvMCN,509.035.051,2017,1,0,0,0
2019,,3DD.0077873AF9 ,MidColSthd_abvMCN,509.035.051,2017,1,1,1,1
2019,,3DD.0077876E24 ,MidColSthd_abvMCN,509.035.051,2017,1,1,1,1
2019,,3DD.0077878143 ,MidColSthd_abvMCN,509.035.051,2017,1,1,1,1
2019,,3DD.007788A60D ,MidColSthd_abvMCN,509.035.051,2017,1,1,1,1
2019,,3DD.007787D027 ,MidColSthd_abvMCN,509.035.051,2017,1,1,1,1
2019,,3DD.0077871B8F ,MidColSthd_abvMCN,509.035.051,2017,1,1,1,1
2019,,3DD.0077730A8C ,MidColSthd_abvMCN,509.035.087,2016,1,1,1,1
2019,,3DD.003BF7637A ,MidColSthd_abvMCN,509.035.087,2017,1,1,1,1
2019,,3DD.003BF75F99 ,MidColSthd_abvMCN,509.035.087,2017,1,1,1,1
2019,,3DD.003BF75EDD ,MidColSthd_abvMCN,509.035.087,2017,1,1,1,1
2019,,3DD.0077B6F3F7 ,MidColSthd_abvMCN,509.035.087,2017,1,1,0,1
2019,,3DD.0077B6E67A ,MidColSthd_abvMCN,509.035.087,2017,1,1,1,1
2019,,3DD.0077B6A4C9 ,MidColSthd_abvMCN,509.035.087,2017,1,1,0,0
2019,,3DD.007757ADCD ,MidColSthd_abvMCN,509.035.087,2017,1,1,1,1
2019,,3DD.0077AF52D7 ,MidColSthd_abvMCN,509.035.087,2017,1,1,1,1
2019,,3DD.0077ADF727 ,MidColSthd_abvMCN,509.035.087,2017,1,1,1,1
2019,,3DD.00775882B5 ,MidColSthd_abvMCN,509.035.087,2017,1,1,1,1
2019,,3DD.0077B6BC56 ,MidColSthd_abvMCN,509.035.087,2017,1,1,1,1
2019,,3DD.0077578A59 ,MidColSthd_abvMCN,509.035.087,2017,1,0,0,0
2019,,3DD.003BF764D9 ,MidColSthd_abvMCN,509.035.087,2017,1,0,0,0
2019,,3DD.0077ADB8B2 ,MidColSthd_abvMCN,509.035.087,2017,1,1,1,1
2019,,3DD.007757CF74 ,MidColSthd_abvMCN,509.035.087,2017,1,1,1,1
2019,,3DD.003BF76D13 ,MidColSthd_abvMCN,509.048,2017,1,1,1,0
2019,,3DD.007793797A ,MidColSthd_abvMCN,509.048,2017,1,1,1,1
2019,,3DD.007793E25A ,MidColSthd_abvMCN,509.048,2017,1,1,1,1
2019,,3DD.0077AE1513 ,MidColSthd_abvMCN,509.061,2017,1,1,1,1
2019,,3DD.0077653AFC ,MidColSthd_abvMCN,539.112.043,2017,1,1,0,1
2019,,3DD.0077659DCE ,MidColSthd_abvMCN,539.112.060,2017,1,1,1,1
2019,,3DD.007765831C ,MidColSthd_abvMCN,539.112.067,2017,1,1,1,1
2019,,3DD.007775587F ,MidColSthd_abvMCN,539.130.048,2017,1,1,0,0
2019,,3DD.0077759659 ,MidColSthd_abvMCN,539.130.048,2017,1,1,1,1
2019,,3DD.00777EF311 ,MidColSthd_abvMCN,539.187.004.012.008,2017,1,0,0,0
2019,,3DD.0077638CE9 ,MidColSthd_abvMCN,539.187.024,2017,1,1,1,1
2019,,3DD.007764CD05 ,MidColSthd_abvMCN,539.187.028.007,2017,1,1,1,1
2019,,3DD.007764996C ,MidColSthd_abvMCN,539.187.028.007,2017,1,1,1,1
2019,,3DD.00777DB488 ,MidColSthd_abvMCN,539.187.028.009,2017,1,1,1,1
2019,,3DD.0077636277 ,MidColSthd_abvMCN,539.187.040,2017,1,1,1,1
2019,,3DD.00777E7A78 ,MidColSthd_abvMCN,539.187.045.001,2017,1,1,1,1
2019,,3DD.00777F55A6 ,MidColSthd_abvMCN,539.187.045.003,2017,1,1,1,1
2019,,3DD.0077885E65 ,MidColSthd_abvMCN,539.187.045.020,2017,1,1,1,0
2019,,3DD.00777E5052 ,MidColSthd_abvMCN,539.187.045.023,2017,1,1,1,1
2019,,3DD.00778A8F81 ,MidColSthd_abvMCN,539.187.047.006,2017,1,0,0,0
2019,,3DD.00777E4546 ,MidColSthd_abvMCN,539.187.050,2017,1,1,0,0
2019,,3DD.00777E5B5D ,MidColSthd_abvMCN,539.187.051,2017,1,1,1,1
2019,,3DD.007776AB56 ,MidColSthd_abvMCN,539.187.070,2017,1,1,1,1
2019,,3DD.00777DE471 ,MidColSthd_abvMCN,539.187.072.003,2017,1,1,1,1
2019,,3DD.00777D72D4 ,MidColSthd_abvMCN,539.187.072.006.004,2017,1,1,0,0
2019,,3DD.00777EB0D1 ,MidColSthd_abvMCN,539.187.072.014,2017,1,1,1,1
2019,,3DD.0077655FC6 ,MidColSthd_abvMCN,539.187.072.024,2017,1,1,1,1
2019,,3DD.0077755B08 ,MidColSthd_abvMCN,539.248.002,2017,1,1,1,1
2019,,3DD.007749E44E ,MidColSthd_abvMCN,539.271.010,2016,1,1,1,1
2019,,3DD.00778926DD ,MidColSthd_abvMCN,539.271.010,2017,1,1,1,1
2019,,3DD.007747C98A ,MidColSthd_abvMCN,539.271.013,2016,1,1,1,1
2019,,3DD.007788D8F7 ,MidColSthd_abvMCN,539.274.014,2017,1,1,1,1
2019,,3DD.00778864BB ,MidColSthd_abvMCN,539.284.017.001,2017,1,1,1,1
2019,,3DD.00778932CB ,MidColSthd_abvMCN,539.284.017.004,2017,1,1,1,1
2019,,3DD.007789F143 ,MidColSthd_abvMCN,539.284.017.004,2017,1,1,1,1
2019,,3DD.007789587D ,MidColSthd_abvMCN,539.284.020.004,2017,1,1,1,1
2020,,3DD.007786EFCB ,MidColSthd_abvMCN,509.035.051,2018,1,1,1,1
2020,,3DD.0077B7CA8F ,MidColSthd_abvMCN,509.035.051,2018,1,1,1,1
2020,,3DD.00773A0277 ,MidColSthd_abvMCN,509.035.051,2018,1,1,1,1
2020,,3DD.0077B7D090 ,MidColSthd_abvMCN,509.035.051,2018,1,1,1,1
2020,,3DD.007739F7EF ,MidColSthd_abvMCN,509.035.051,2018,1,1,1,0
2020,,3DD.0077D8AB73 ,MidColSthd_abvMCN,509.035.051,2018,1,1,1,1
2020,,3DD.0077D829B1 ,MidColSthd_abvMCN,509.035.051,2018,1,0,0,0
2020,,3DD.00773A3177 ,MidColSthd_abvMCN,509.035.051,2018,1,1,1,1
2020,,3DD.00773A3195 ,MidColSthd_abvMCN,509.035.051,2018,1,1,1,1
2020,,3DD.0077B8AAB6 ,MidColSthd_abvMCN,509.035.051,2018,1,0,0,0
2020,,3DD.0077B8EA91 ,MidColSthd_abvMCN,509.035.051,2018,1,1,1,1
2020,,3DD.0077B8CBDA ,MidColSthd_abvMCN,509.035.051,2018,1,1,1,1
2020,,3DD.003BF75EDD ,MidColSthd_abvMCN,509.035.087,2017,1,1,1,1
2020,,3DD.00779E0426 ,MidColSthd_abvMCN,509.035.087,2018,1,1,1,1
2020,,3DD.0077D89776 ,MidColSthd_abvMCN,509.035.087,2018,1,1,1,1
2020,,3DD.0077809495 ,MidColSthd_abvMCN,509.035.087,2018,1,1,1,1
2020,,3DD.00779E3935 ,MidColSthd_abvMCN,509.035.087,2018,1,1,1,1
2020,,3DD.0077802215 ,MidColSthd_abvMCN,509.035.087,2018,1,1,1,1
2020,,3DD.00778037F0 ,MidColSthd_abvMCN,509.035.087,2018,1,1,1,1
2020,,3DD.00778CCD51 ,MidColSthd_abvMCN,509.035.087,2018,1,1,1,1
2020,,3DD.00779E2D09 ,MidColSthd_abvMCN,509.035.087,2018,1,1,0,0
2020,,3DD.00778D0946 ,MidColSthd_abvMCN,509.035.087,2018,1,1,1,1
2020,,3DD.0077D88C8D ,MidColSthd_abvMCN,509.035.087,2018,1,1,1,1
2020,,3DD.0077D863D7 ,MidColSthd_abvMCN,509.035.087,2018,1,0,0,0
2020,,3DD.0077812C72 ,MidColSthd_abvMCN,509.035.087,2018,1,1,1,1
2020,,3DD.00779E6E3E ,MidColSthd_abvMCN,509.035.087,2018,1,1,1,1
2020,,3DD.007780DF0D ,MidColSthd_abvMCN,509.035.087,2018,1,1,1,1
2020,,3DD.0077D85C6E ,MidColSthd_abvMCN,509.035.087,2018,1,1,0,0
2020,,3DD.00779DD58A ,MidColSthd_abvMCN,509.035.087,2018,1,1,0,1
2020,,3DD.007780DFA5 ,MidColSthd_abvMCN,509.035.087,2018,1,1,1,1
2020,,3DD.00779DF1A7 ,MidColSthd_abvMCN,509.035.087,2018,1,1,1,1
2020,,3DD.0077D8D69A ,MidColSthd_abvMCN,509.035.087,2018,1,0,0,0
2020,,3DD.0077D869F6 ,MidColSthd_abvMCN,509.035.087,2018,1,1,1,1
2020,,3DD.007780358F ,MidColSthd_abvMCN,509.035.087,2018,1,1,1,1
2020,,3DD.00778CBC00 ,MidColSthd_abvMCN,509.035.087,2018,1,1,1,1
2020,,3DD.007780D07D ,MidColSthd_abvMCN,509.035.087,2018,1,1,1,1
2020,,3DD.00779E5E8A ,MidColSthd_abvMCN,509.035.087,2018,1,1,1,1
2020,,3DD.0077D8640E ,MidColSthd_abvMCN,509.035.087,2018,1,0,0,0
2020,,3DD.00779E3976 ,MidColSthd_abvMCN,509.035.087,2018,1,1,1,1
2020,,3DD.00779DFA0D ,MidColSthd_abvMCN,509.035.087,2018,1,1,1,1
2020,,3DD.007780C3CF ,MidColSthd_abvMCN,509.035.087,2018,1,1,1,1
2020,,3DD.00779473EE ,MidColSthd_abvMCN,539.112.031.030,2018,1,0,0,0
2020,,3DD.007794532C ,MidColSthd_abvMCN,539.112.031.030,2018,1,1,1,1
2020,,3DD.00777A21C8 ,MidColSthd_abvMCN,539.130.048,2018,1,1,1,0
2020,,3DD.0077790DBA ,MidColSthd_abvMCN,539.130.048,2018,1,1,1,1
2020,,3DD.0077778FF8 ,MidColSthd_abvMCN,539.130.048,2018,1,1,1,1
2020,,3DD.0077797F5A ,MidColSthd_abvMCN,539.130.048,2018,1,1,1,1
2020,,3DD.0077776A22 ,MidColSthd_abvMCN,539.130.048,2018,1,1,1,1
2020,,3DD.0077AE9FD3 ,MidColSthd_abvMCN,539.172.034,2018,1,1,0,1
2020,,3DD.0077B66CA8 ,MidColSthd_abvMCN,539.187.022,2018,1,1,1,1
2020,,3DD.007783579B ,MidColSthd_abvMCN,539.187.024,2018,1,1,0,1
2020,,3DD.0077A9CC42 ,MidColSthd_abvMCN,539.187.028.003,2018,1,1,0,0
2020,,3DD.007764ADF7 ,MidColSthd_abvMCN,539.187.028.007,2017,1,1,1,1
2020,,3DD.00778435FB ,MidColSthd_abvMCN,539.187.035,2018,1,0,0,0
2020,,3DD.007765261D ,MidColSthd_abvMCN,539.187.038,2017,1,1,1,1
2020,,3DD.0077BC3A6C ,MidColSthd_abvMCN,539.187.045.001,2018,1,1,1,1
2020,,3DD.00777DA736 ,MidColSthd_abvMCN,539.187.045.003,2017,1,1,1,1
2020,,3DD.0077B5E79F ,MidColSthd_abvMCN,539.187.047.005,2018,1,1,1,1
2020,,3DD.00779223D6 ,MidColSthd_abvMCN,539.187.051,2018,1,1,1,1
2020,,3DD.0077925785 ,MidColSthd_abvMCN,539.187.053,2018,1,1,1,1
2020,,3DD.0077B6241C ,MidColSthd_abvMCN,539.187.054.002,2018,1,1,1,1
2020,,3DD.00776389D7 ,MidColSthd_abvMCN,539.187.058,2017,1,1,1,1
2020,,3DD.0077AEEA83 ,MidColSthd_abvMCN,539.187.072,2018,1,1,1,1
2020,,3DD.0077B5DD15 ,MidColSthd_abvMCN,539.187.072.005,2018,1,1,1,0
2020,,3DD.0077BC77C1 ,MidColSthd_abvMCN,539.187.072.005,2018,1,1,1,1
2020,,3DD.0077B658C9 ,MidColSthd_abvMCN,539.187.072.015,2018,1,1,1,1
2020,,3DD.007765AB12 ,MidColSthd_abvMCN,539.187.072.024,2017,1,1,1,1
2020,,3DD.0077ADFCEE ,MidColSthd_abvMCN,539.187.072.026,2018,1,1,1,1
2020,,3DD.0077B8AE5F ,MidColSthd_abvMCN,539.271.007,2018,1,1,1,1
2020,,3DD.0077B8BAF5 ,MidColSthd_abvMCN,539.271.009,2018,1,1,1,1
2020,,3DD.0077B921C0 ,MidColSthd_abvMCN,539.271.015,2018,1,1,1,1
2020,,3DD.0077B8AD4B ,MidColSthd_abvMCN,539.274.006,2018,1,1,1,1
2020,,3DD.0077B88837 ,MidColSthd_abvMCN,539.284.015,2018,1,1,1,1
2020,,3DD.0077B8A04A ,MidColSthd_abvMCN,539.284.017.007,2018,1,1,1,1
2020,,3DD.0077AFB406 ,MidColSthd_abvMCN,539.284.017.010.001,2018,1,1,1,1
2020,,3DD.0077B8A0CB ,MidColSthd_abvMCN,539.284.020.005,2018,1,1,0,0
2020,,3DD.0077B8ADF8 ,MidColSthd_abvMCN,539.284.020.008,2018,1,1,1,1
2021,,3DD.0077679509 ,MidColSthd_abvMCN,509.035.051,2019,1,1,1,1
2021,,3DD.0077D831F3 ,MidColSthd_abvMCN,509.035.051,2019,1,1,1,1
2021,,3DD.007766C5B1 ,MidColSthd_abvMCN,509.035.051,2019,1,1,1,1
2021,,3DD.0077670AA9 ,MidColSthd_abvMCN,509.035.051,2019,1,1,1,1
2021,,3DD.0077D9769A ,MidColSthd_abvMCN,509.035.051,2019,1,1,1,1
2021,,3DD.007767EAAD ,MidColSthd_abvMCN,509.035.051,2019,1,1,1,1
2021,,3DD.0077D91805 ,MidColSthd_abvMCN,509.035.051,2019,1,1,1,0
2021,,3DD.007775F7E3 ,MidColSthd_abvMCN,509.035.087,2019,1,1,1,1
2021,,3DD.0077CB5E82 ,MidColSthd_abvMCN,509.035.087,2019,1,1,1,1
2021,,3DD.00777B1F26 ,MidColSthd_abvMCN,509.035.087,2019,1,1,1,1
2021,,3DD.007770CE3B ,MidColSthd_abvMCN,509.035.087,2019,1,0,0,0
2021,,3DD.0077CBA4A3 ,MidColSthd_abvMCN,509.035.087,2019,1,1,1,1
2021,,3DD.007774C4B0 ,MidColSthd_abvMCN,509.035.087,2019,1,1,1,1
2021,,3DD.0077751F3C ,MidColSthd_abvMCN,509.035.087,2019,1,0,0,0
2021,,3DD.007772EE1C ,MidColSthd_abvMCN,509.035.087,2019,1,1,1,1
2021,,3DD.007774CD73 ,MidColSthd_abvMCN,509.035.087,2019,1,1,1,0
2021,,3DD.0077C42017 ,MidColSthd_abvMCN,509.035.087,2019,1,1,1,1
2021,,3DD.007775B8D4 ,MidColSthd_abvMCN,509.035.087,2019,1,1,1,0
2021,,3DD.00777274A1 ,MidColSthd_abvMCN,509.035.087,2019,1,1,0,0
2021,,3DD.0077CA9E3D ,MidColSthd_abvMCN,509.035.087,2019,1,0,0,0
2021,,3DD.0077758FA4 ,MidColSthd_abvMCN,509.035.087,2019,1,1,1,1
2021,,3DD.0077C3DE24 ,MidColSthd_abvMCN,509.035.087,2019,1,1,1,1
2021,,3DD.00776EF7C8 ,MidColSthd_abvMCN,509.035.087,2019,1,1,1,1
2021,,3DD.0077B6021B ,MidColSthd_abvMCN,509.054.005,2019,1,1,1,0
2021,,3DD.0077ADF3E0 ,MidColSthd_abvMCN,509.061,2019,1,1,1,1
2021,,3DD.0077ADE107 ,MidColSthd_abvMCN,539.172.037.006,2018,1,0,0,0
2021,,3DD.00775F6256 ,MidColSthd_abvMCN,539.176,2019,1,0,0,0
2021,,3DD.0077AE5F61 ,MidColSthd_abvMCN,539.187.057,2018,1,1,1,1
2022,,3DD.0077BD1A38 ,MidColSthd_abvMCN,509.035.051,2019,1,1,1,1
2022,,3DD.0077E51601 ,MidColSthd_abvMCN,509.035.051,2019,1,1,1,1
2022,,3DD.0077BD8ACC ,MidColSthd_abvMCN,509.035.051,2019,1,1,1,1
2022,,3DD.0077BD3F86 ,MidColSthd_abvMCN,509.035.051,2020,1,1,1,1
2022,,3DD.0077BCBBE5 ,MidColSthd_abvMCN,509.035.051,2020,1,1,1,1
2022,,3DD.0077BD2D22 ,MidColSthd_abvMCN,509.035.051,2020,1,1,1,1
2022,,3DD.0077BD75BB ,MidColSthd_abvMCN,509.035.051,2020,1,1,1,1
2022,,3DD.0077BD199B ,MidColSthd_abvMCN,509.035.051,2020,1,1,1,1
2022,,3DD.0077BDCF23 ,MidColSthd_abvMCN,509.035.051,2020,1,1,1,1
2022,,3DD.0077BD2812 ,MidColSthd_abvMCN,509.035.051,2020,1,0,0,0
2022,,3DD.0077BCE40B ,MidColSthd_abvMCN,509.035.051,2020,1,1,1,1
2022,,3DD.0077BD5808 ,MidColSthd_abvMCN,509.035.051,2020,1,1,1,1
2022,,3DD.0077BCE24D ,MidColSthd_abvMCN,509.035.051,2020,1,1,1,1
2022,,3DD.0077BCD592 ,MidColSthd_abvMCN,509.035.051,2020,1,1,1,1
2022,,3DD.0077BD13F0 ,MidColSthd_abvMCN,509.035.051,2020,1,1,1,1
2022,,3DD.007766F954 ,MidColSthd_abvMCN,509.035.051,2020,1,1,1,1
2022,,3DD.0077BD21CB ,MidColSthd_abvMCN,509.035.051,2020,1,1,1,1
2022,,3DD.0077BD4597 ,MidColSthd_abvMCN,509.035.051,2020,1,1,0,0
2022,,3DD.0077BCC568 ,MidColSthd_abvMCN,509.035.051,2020,1,1,1,1
2022,,3DD.007766AE59 ,MidColSthd_abvMCN,509.035.051,2020,1,1,1,1
2022,,3DD.0077BD9E0A ,MidColSthd_abvMCN,509.035.051,2020,1,1,1,1
2022,,3DD.0077BDC76E ,MidColSthd_abvMCN,509.035.051,2020,1,0,0,0
2022,,3DD.0077CAAC3B ,MidColSthd_abvMCN,509.035.087,2019,1,1,0,0
2022,,3DD.003D3D020E ,MidColSthd_abvMCN,509.035.087,2020,1,1,1,1
2022,,3DD.003D3CF5C7 ,MidColSthd_abvMCN,509.035.087,2020,1,1,1,1
2022,,3DD.003D3CFA49 ,MidColSthd_abvMCN,509.035.087,2020,1,1,0,0
2022,,3DD.003D3CFDE6 ,MidColSthd_abvMCN,509.035.087,2020,1,0,0,0
2022,,3DD.003D3D0081 ,MidColSthd_abvMCN,509.035.087,2020,1,1,1,1
2022,,3DD.003D3CF3D7 ,MidColSthd_abvMCN,509.035.087,2020,1,1,1,1
2022,,3DD.003D3CF5AA ,MidColSthd_abvMCN,509.035.087,2020,1,1,1,1
2022,,3DD.003D3D022C ,MidColSthd_abvMCN,509.035.087,2020,1,1,1,1
2022,,3DD.003D3D0191 ,MidColSthd_abvMCN,509.035.087,2020,1,1,1,1
2022,,3DD.003D3CF70A ,MidColSthd_abvMCN,509.035.087,2020,1,1,1,1
2022,,3DD.003D3CF991 ,MidColSthd_abvMCN,509.035.087,2020,1,1,1,1
2022,,3DD.003D3CFBCA ,MidColSthd_abvMCN,509.035.087,2020,1,1,1,1
2022,,3DD.003D3D004F ,MidColSthd_abvMCN,509.035.087,2020,1,1,0,0
2022,,3DD.003D3CF5EF ,MidColSthd_abvMCN,509.035.087,2020,1,1,0,0
2022,,3DD.003D3CF823 ,MidColSthd_abvMCN,509.035.087,2020,1,1,1,1
2022,,3DD.003D3CFEBC ,MidColSthd_abvMCN,509.035.087,2020,1,1,1,1
2022,,3DD.003D3CFE75 ,MidColSthd_abvMCN,509.035.087,2020,1,0,0,0
2022,,3DD.003D3D0160 ,MidColSthd_abvMCN,509.035.087,2020,1,0,0,0
2022,,3DD.003D3D02AA ,MidColSthd_abvMCN,509.035.087,2020,1,1,1,1
2022,,3DD.003D3CF483 ,MidColSthd_abvMCN,509.035.087,2020,1,1,0,0
2022,,3DD.003D3D0194 ,MidColSthd_abvMCN,509.035.087,2020,1,1,1,1
2022,,3DD.003D3CF8E9 ,MidColSthd_abvMCN,509.035.087,2020,1,1,1,1
2022,,3DD.003D3CFBE0 ,MidColSthd_abvMCN,509.035.087,2020,1,1,1,1
2022,,3DD.003D3CF395 ,MidColSthd_abvMCN,509.035.087,2020,1,1,1,1
2022,,3DD.003D3CF6AC ,MidColSthd_abvMCN,509.035.087,2020,1,1,1,1
2022,,3DD.003D3CF8A2 ,MidColSthd_abvMCN,509.035.087,2020,1,1,1,1
2022,,3DD.003D3CF9C1 ,MidColSthd_abvMCN,509.035.087,2020,1,1,1,1
2022,,3DD.0077D58D8D ,MidColSthd_abvMCN,509.035.087,2020,1,0,1,1
2022,,3DD.003D3CFCAE ,MidColSthd_abvMCN,509.035.087,2020,1,1,1,1
2022,,3DD.003D3CF793 ,MidColSthd_abvMCN,509.035.087,2020,1,1,1,1
2022,,3DD.003D3CFB7D ,MidColSthd_abvMCN,509.035.087,2020,1,1,1,1
2022,,3DD.003D3CFED7 ,MidColSthd_abvMCN,509.035.087,2020,1,1,1,1
2022,,3DD.003D3D0134 ,MidColSthd_abvMCN,509.035.087,2020,1,1,1,1
2022,,3DD.003D3CFF6C ,MidColSthd_abvMCN,509.035.087,2020,1,1,1,1
2022,,3DD.0077C39CD6 ,MidColSthd_abvMCN,509.035.087,2020,1,1,1,1
2022,,3DD.003D3D0094 ,MidColSthd_abvMCN,509.035.087,2020,1,1,1,1
2022,,3DD.003D3CFD96 ,MidColSthd_abvMCN,509.035.087,2020,1,1,1,1
2022,,3DD.003D3CFB33 ,MidColSthd_abvMCN,509.035.087,2020,1,1,1,1
2022,,3DD.003D3CFD55 ,MidColSthd_abvMCN,509.035.087,2020,1,1,1,1
2022,,3DD.003D3D023A ,MidColSthd_abvMCN,509.035.087,2020,1,1,1,1
2022,,3DD.003D3CFB92 ,MidColSthd_abvMCN,509.035.087,2020,1,1,1,1
2022,,3DD.003D3CF671 ,MidColSthd_abvMCN,509.035.087,2020,1,1,1,1
2022,,3DD.003D3CFBAA ,MidColSthd_abvMCN,509.035.087,2020,1,1,1,1
2022,,3DD.003D3D00E2 ,MidColSthd_abvMCN,509.035.087,2020,1,1,1,1
2022,,3DD.003D3CF95C ,MidColSthd_abvMCN,509.035.087,2020,1,1,1,1
2022,,3DD.003D3CFCC6 ,MidColSthd_abvMCN,509.035.087,2020,1,1,1,1
2022,,3DD.003D3CF706 ,MidColSthd_abvMCN,509.035.087,2020,1,1,1,1
2022,,3DD.003D459000 ,MidColSthd_abvMCN,509.035.087,2020,1,1,1,1
2022,,3DD.003D3CF785 ,MidColSthd_abvMCN,509.035.087,2020,1,0,0,0
2022,,3DD.003D3CF5B9 ,MidColSthd_abvMCN,509.035.087,2020,1,1,1,1
2022,,3DD.003D3CFACE ,MidColSthd_abvMCN,509.035.087,2020,1,1,1,1
2022,,3DD.003D3CFDCF ,MidColSthd_abvMCN,509.035.087,2020,1,1,1,1
2022,,3DD.003D3CFE8D ,MidColSthd_abvMCN,509.035.087,2020,1,1,1,1
2022,,3DD.003D3CF53D ,MidColSthd_abvMCN,509.035.087,2020,1,1,1,1
2022,,3DD.003D3CFC18 ,MidColSthd_abvMCN,509.035.087,2020,1,1,1,1
2022,,3DD.003D3CF87B ,MidColSthd_abvMCN,509.035.087,2020,1,1,1,1
2022,,3DD.003D3CF601 ,MidColSthd_abvMCN,509.035.087,2020,1,0,0,0
2022,,3DD.003D3CF56E ,MidColSthd_abvMCN,509.035.087,2020,1,1,1,1
2022,,3DD.003D3CFF89 ,MidColSthd_abvMCN,509.035.087,2020,1,1,1,1
2022,,3DD.0077CCAF2A ,MidColSthd_abvMCN,509.035.087,2020,1,0,0,0
2022,,3DD.003D3CF7F4 ,MidColSthd_abvMCN,509.035.087,2020,1,1,1,1
2022,,3DD.003D3CF6F5 ,MidColSthd_abvMCN,509.035.087,2020,1,1,1,1
2022,,3DD.0077D1603A ,MidColSthd_abvMCN,509.035.087,2020,1,1,0,0
2022,,3DD.003D3CFAFD ,MidColSthd_abvMCN,509.035.087,2020,1,1,1,1
2022,,3DD.003D3D00D5 ,MidColSthd_abvMCN,509.035.087,2020,1,1,1,1
2022,,3DD.0077ADDED6 ,MidColSthd_abvMCN,509.061,2020,1,1,1,1
2022,,3DD.0077B6D126 ,MidColSthd_abvMCN,509.061,2020,1,1,1,1
2022,,3DD.0077AE1DC6 ,MidColSthd_abvMCN,509.061,2020,1,1,1,1
2022,,3DD.0077B6EAEC ,MidColSthd_abvMCN,509.061,2020,1,0,0,0
2022,,3DD.0077ADB724 ,MidColSthd_abvMCN,509.061,2020,1,1,1,1
2022,,3DD.003D36DA31 ,MidColSthd_abvMCN,509.061,2020,1,0,0,0
2022,,3DD.0077B69E5F ,MidColSthd_abvMCN,509.061,2020,1,1,1,1
2022,,3DD.0077B65765 ,MidColSthd_abvMCN,509.061,2020,1,1,1,1
2022,,3DD.0077C4AF7E ,MidColSthd_abvMCN,509.061,2020,1,1,1,1
2022,,3DD.0077D228EB ,MidColSthd_abvMCN,539.130.048,2020,1,1,1,1
2022,,3DD.0077D6054F ,MidColSthd_abvMCN,539.130.048,2020,1,1,1,1
2022,,3DD.0077BD318F ,MidColSthd_abvMCN,539.187.021,2020,1,1,1,1
2022,,3DD.0077BCDD48 ,MidColSthd_abvMCN,539.187.024,2020,1,1,1,1
2022,,3DD.0077BD45BE ,MidColSthd_abvMCN,539.187.045,2020,1,1,1,1
2022,,3DD.003D2F47FD ,MidColSthd_abvMCN,539.187.045.001,2020,1,1,1,1
2022,,3DD.0077BD2C9C ,MidColSthd_abvMCN,539.187.055,2020,1,1,1,0
2022,,3DD.0077BD465A ,MidColSthd_abvMCN,539.187.055,2020,1,1,1,1
2022,,3DD.0077BCC680 ,MidColSthd_abvMCN,539.187.072.006,2020,1,1,1,1
2022,,3DD.0077BDE3BE ,MidColSthd_abvMCN,539.187.072.006.001,2020,1,1,0,0
2022,,3DD.0077BD1F3C ,MidColSthd_abvMCN,539.187.072.011,2020,1,1,1,1
2022,,3DD.0077BD002D ,MidColSthd_abvMCN,539.274.005,2020,1,1,1,0
2022,,3DD.0077BD1BFD ,MidColSthd_abvMCN,539.284.016,2020,1,1,1,1
2022,,3DD.0077DC8741 ,MidColSthd_abvMCN,539.284.017.003,2020,1,1,1,1
2023,,3DD.0077BD4E0A ,MidColSthd_abvMCN,509.035.051,2021,1,1,1,1
2023,,3DD.003D45A38D ,MidColSthd_abvMCN,509.035.051,2021,1,1,1,1
2023,,3DD.0077BCCFAD ,MidColSthd_abvMCN,509.035.051,2021,1,1,1,1
2023,,3DD.0077BCBC1C ,MidColSthd_abvMCN,509.035.051,2021,1,0,0,0
2023,,3DD.0077BCC567 ,MidColSthd_abvMCN,509.035.051,2021,1,1,1,1
2023,,3DD.0077BD3BF2 ,MidColSthd_abvMCN,509.035.051,2021,1,0,0,0
2023,,3DD.0077BCB837 ,MidColSthd_abvMCN,509.035.051,2021,1,1,0,0
2023,,3DD.0077BD4600 ,MidColSthd_abvMCN,509.035.051,2021,1,0,0,0
2023,,3DD.003D45A380 ,MidColSthd_abvMCN,509.035.051,2021,1,1,1,1
2023,,3DD.0077BDEE5F ,MidColSthd_abvMCN,509.035.051,2021,1,1,1,1
2023,,3DD.003D3CF5AA ,MidColSthd_abvMCN,509.035.087,2020,1,1,1,1
2023,,3DD.003D3CFCEB ,MidColSthd_abvMCN,509.035.087,2020,1,0,0,0
2023,,3DD.003DE93715 ,MidColSthd_abvMCN,509.035.087,2021,1,1,1,1
2023,,3DD.003D63F93B ,MidColSthd_abvMCN,509.035.087,2021,1,1,1,1
2023,,3DD.003DE5CD66 ,MidColSthd_abvMCN,509.035.087,2021,1,1,1,1
2023,,3DD.003DE5CBE4 ,MidColSthd_abvMCN,509.035.087,2021,1,1,1,1
2023,,3DD.003DE935A4 ,MidColSthd_abvMCN,509.035.087,2021,1,1,1,1
2023,,3DD.003D63F1A5 ,MidColSthd_abvMCN,509.035.087,2021,1,1,1,1
2023,,3DD.003DE938B7 ,MidColSthd_abvMCN,509.035.087,2021,1,1,1,1
2023,,3DD.003D63F6CF ,MidColSthd_abvMCN,509.035.087,2021,1,1,1,1
2023,,3DD.003DE5CDF6 ,MidColSthd_abvMCN,509.035.087,2021,1,1,1,1
2023,,3DD.003DE5CAA2 ,MidColSthd_abvMCN,509.035.087,2021,1,1,1,0
2023,,3DD.003DE93B73 ,MidColSthd_abvMCN,509.035.087,2021,1,1,1,1
2023,,3DD.003DE5D07B ,MidColSthd_abvMCN,509.035.087,2021,1,1,1,1
2023,,3DD.003D63F6A8 ,MidColSthd_abvMCN,509.035.087,2021,1,0,0,0
2023,,3DD.003DE93A8A ,MidColSthd_abvMCN,509.035.087,2021,1,1,1,1
2023,,3DD.003DE5CA64 ,MidColSthd_abvMCN,509.035.087,2021,1,0,0,0
2023,,3DD.003DE93BCE ,MidColSthd_abvMCN,509.035.087,2021,1,1,1,1
2023,,3DD.003DE5D057 ,MidColSthd_abvMCN,509.035.087,2021,1,1,1,1
2023,,3DD.003DE9376F ,MidColSthd_abvMCN,509.035.087,2021,1,1,1,1
2023,,3DD.003DE93BCB ,MidColSthd_abvMCN,509.035.087,2021,1,1,1,0
2023,,3DD.003DE5CAEC ,MidColSthd_abvMCN,509.035.087,2021,1,0,0,0
2023,,3DD.003D63F2E7 ,MidColSthd_abvMCN,509.035.087,2021,1,0,0,0
2023,,3DD.003DE9366E ,MidColSthd_abvMCN,509.035.087,2021,1,1,1,1
2023,,3DD.003DE5CCB9 ,MidColSthd_abvMCN,509.035.087,2021,1,1,1,1
2023,,3DD.003D63F44A ,MidColSthd_abvMCN,509.035.087,2021,1,1,1,1
2023,,3DD.003DE93496 ,MidColSthd_abvMCN,509.035.087,2021,1,0,0,0
2023,,3DD.003DE93614 ,MidColSthd_abvMCN,509.035.087,2021,1,1,1,1
2023,,3DD.003DE93788 ,MidColSthd_abvMCN,509.035.087,2021,1,1,1,1
2023,,3DD.003DE5CF93 ,MidColSthd_abvMCN,509.035.087,2021,1,0,0,0
2023,,3DD.003DE5CA35 ,MidColSthd_abvMCN,509.035.087,2021,1,0,0,0
2023,,3DD.003DE937ED ,MidColSthd_abvMCN,509.035.087,2021,1,0,0,0
2023,,3DD.003DE5CCA4 ,MidColSthd_abvMCN,509.035.087,2021,1,0,0,0
2023,,3DD.003DE5CC4E ,MidColSthd_abvMCN,509.035.087,2021,1,1,1,1
2023,,3DD.003DE938AA ,MidColSthd_abvMCN,509.035.087,2021,1,0,0,0
2023,,3DD.003DE933CF ,MidColSthd_abvMCN,509.035.087,2021,1,1,1,1
2023,,3DD.003DE5CC27 ,MidColSthd_abvMCN,509.035.087,2021,1,1,1,1
2023,,3DD.003DE5CA30 ,MidColSthd_abvMCN,509.035.087,2021,1,1,1,1
2023,,3DD.003D63E8EB ,MidColSthd_abvMCN,509.035.087,2021,1,0,0,0
2023,,3DD.003DE5CD3C ,MidColSthd_abvMCN,509.035.087,2021,1,1,1,1
2023,,3DD.003DE5CFD3 ,MidColSthd_abvMCN,509.035.087,2021,1,1,1,1
2023,,3DD.003D63E9D2 ,MidColSthd_abvMCN,509.035.087,2021,1,0,0,0
2023,,3DD.003D63EA7C ,MidColSthd_abvMCN,509.035.087,2021,1,1,1,1
2023,,3DD.003D63F7D8 ,MidColSthd_abvMCN,509.035.087,2021,1,1,1,1
2023,,3DD.003DE93B20 ,MidColSthd_abvMCN,509.035.087,2021,1,1,1,1
2023,,3DD.003DE93AD1 ,MidColSthd_abvMCN,509.035.087,2021,1,1,1,1
2023,,3DD.003DE9373C ,MidColSthd_abvMCN,509.035.087,2021,1,1,1,1
2023,,3DD.0077BC56F9 ,MidColSthd_abvMCN,509.054.019,2021,1,1,1,1
2023,,3DD.0077C4B866 ,MidColSthd_abvMCN,509.061,2021,1,1,1,1
2023,,3DD.003D8258CB ,MidColSthd_abvMCN,509.061,2021,1,1,1,1
2023,,3DD.0077C596EF ,MidColSthd_abvMCN,509.061,2021,1,1,1,0
2023,,3DD.0077DBCEEB ,MidColSthd_abvMCN,509.061,2021,1,1,1,1
2023,,3DD.003D8258FC ,MidColSthd_abvMCN,509.061,2021,1,0,0,0
2023,,3D9.1C2D88D954 ,MidColSthd_abvMCN,539.076,2021,1,1,1,1
2023,,3DD.0077D5BDB6 ,MidColSthd_abvMCN,539.130.001,2021,1,1,1,1
2023,,3DD.0077D61248 ,MidColSthd_abvMCN,539.130.048,2021,1,1,1,1
2023,,3DD.0077D5C1E3 ,MidColSthd_abvMCN,539.130.048,2021,1,1,1,1
2023,,3DD.0077D5FCBA ,MidColSthd_abvMCN,539.130.048,2021,1,1,1,1
2023,,3DD.003D497E9D ,MidColSthd_abvMCN,539.187.030,2021,1,1,1,1
2023,,3DD.003D497D1F ,MidColSthd_abvMCN,539.187.045.002,2021,1,1,1,1
2023,,3DD.0077BD91FB ,MidColSthd_abvMCN,539.187.070,2020,1,1,1,1
2024,,3DD.0077BCC567 ,MidColSthd_abvMCN,509.035.051,2021,1,1,1,1
2024,,3DD.003D45B29E ,MidColSthd_abvMCN,509.035.051,2022,1,1,1,1
2024,,3DD.003D45B433 ,MidColSthd_abvMCN,509.035.051,2022,1,1,1,1
2024,,3DD.003D45B316 ,MidColSthd_abvMCN,509.035.051,2022,1,0,0,0
2024,,3DD.003D45B541 ,MidColSthd_abvMCN,509.035.051,2022,1,1,1,1
2024,,3DD.003D45B46A ,MidColSthd_abvMCN,509.035.051,2022,1,1,1,1
2024,,3DD.003D45B4E0 ,MidColSthd_abvMCN,509.035.051,2022,1,1,1,1
2024,,3DD.003D45B85E ,MidColSthd_abvMCN,509.035.051,2022,1,1,1,1
2024,,3DD.003D45B82E ,MidColSthd_abvMCN,509.035.051,2022,1,1,1,1
2024,,3DD.003D45B898 ,MidColSthd_abvMCN,509.035.051,2022,1,1,0,0
2024,,3DD.003D45B38C ,MidColSthd_abvMCN,509.035.051,2022,1,1,1,1
2024,,3DD.003D45B856 ,MidColSthd_abvMCN,509.035.051,2022,1,1,1,1
2024,,3DD.003D45B43A ,MidColSthd_abvMCN,509.035.051,2022,1,1,1,1
2024,,3DD.003D969D34 ,MidColSthd_abvMCN,509.035.087,2022,1,1,1,1
2024,,3DD.003D96AAC1 ,MidColSthd_abvMCN,509.035.087,2022,1,1,1,1
2024,,3DD.003D96AD3E ,MidColSthd_abvMCN,509.035.087,2022,1,1,1,1
2024,,3DD.003D96A074 ,MidColSthd_abvMCN,509.035.087,2022,1,1,1,1
2024,,3DD.003D96AD94 ,MidColSthd_abvMCN,509.035.087,2022,1,1,1,1
2024,,3DD.003D96AA25 ,MidColSthd_abvMCN,509.035.087,2022,1,1,1,1
2024,,3DD.003D969BD3 ,MidColSthd_abvMCN,509.035.087,2022,1,1,1,1
2024,,3DD.003D96A784 ,MidColSthd_abvMCN,509.035.087,2022,1,0,0,0
2024,,3DD.003D96A538 ,MidColSthd_abvMCN,509.035.087,2022,1,1,1,1
2024,,3DD.003D96A8DA ,MidColSthd_abvMCN,509.035.087,2022,1,1,1,1
2024,,3DD.003D969E9C ,MidColSthd_abvMCN,509.035.087,2022,1,1,1,1
2024,,3DD.003D96AA56 ,MidColSthd_abvMCN,509.035.087,2022,1,1,1,1
2024,,3DD.003D96A916 ,MidColSthd_abvMCN,509.035.087,2022,1,1,1,0
2024,,3DD.003D96A2AE ,MidColSthd_abvMCN,509.035.087,2022,1,1,1,1
2024,,3DD.003D96AB88 ,MidColSthd_abvMCN,509.035.087,2022,1,1,1,1
2024,,3DD.003D96AB58 ,MidColSthd_abvMCN,509.035.087,2022,1,1,1,1
2024,,3DD.003D969D71 ,MidColSthd_abvMCN,509.035.087,2022,1,1,1,1
2024,,3DD.003D96A368 ,MidColSthd_abvMCN,509.035.087,2022,1,1,1,1
2024,,3DD.003D969DD2 ,MidColSthd_abvMCN,509.035.087,2022,1,1,1,1
2024,,3DD.003D96A678 ,MidColSthd_abvMCN,509.035.087,2022,1,1,1,0
2024,,3DD.003D969FD4 ,MidColSthd_abvMCN,509.035.087,2022,1,1,1,1
2024,,3DD.003D96A366 ,MidColSthd_abvMCN,509.035.087,2022,1,1,1,1
2024,,3DD.003D96A6E0 ,MidColSthd_abvMCN,509.035.087,2022,1,1,1,1
2024,,3DD.003D96A274 ,MidColSthd_abvMCN,509.035.087,2022,1,1,1,1
2024,,3DD.003D96AB4C ,MidColSthd_abvMCN,509.035.087,2022,1,1,1,1
2024,,3DD.003D96A709 ,MidColSthd_abvMCN,509.035.087,2022,1,1,1,1
2024,,3DD.003D96AD3D ,MidColSthd_abvMCN,509.035.087,2022,1,1,1,1
2024,,3DD.003D969D44 ,MidColSthd_abvMCN,509.035.087,2022,1,1,1,1
2024,,3DD.003D96ABD7 ,MidColSthd_abvMCN,509.035.087,2022,1,1,1,1
2024,,3DD.003D96ACEE ,MidColSthd_abvMCN,509.035.087,2022,1,1,1,1
2024,,3DD.003D969ED9 ,MidColSthd_abvMCN,509.035.087,2022,1,1,1,1
2024,,3DD.003D96A64B ,MidColSthd_abvMCN,509.035.087,2022,1,1,1,1
2024,,3DD.003D822A5F ,MidColSthd_abvMCN,509.061,2022,1,1,1,1
2024,,3DD.003D822671 ,MidColSthd_abvMCN,509.061,2022,1,1,1,1
2024,,3DD.003D82314E ,MidColSthd_abvMCN,509.061,2022,1,0,0,0
2024,,3DD.003D8230EF ,MidColSthd_abvMCN,509.061,2022,1,1,1,1
2024,,3DD.003D822A23 ,MidColSthd_abvMCN,509.061,2022,1,1,1,1
2024,,3DD.003D82325A ,MidColSthd_abvMCN,509.061,2022,1,1,1,1
2024,,3DD.003D82386B ,MidColSthd_abvMCN,509.061,2022,1,1,1,1
2024,,3DD.003D8254DC ,MidColSthd_abvMCN,509.061,2022,1,1,1,1
2024,,3DD.003D82301D ,MidColSthd_abvMCN,509.061,2022,1,1,1,1
2024,,3DD.0077D62027 ,MidColSthd_abvMCN,539.112.002,2022,1,1,1,1
2024,,3DD.0077D2521D ,MidColSthd_abvMCN,539.112.002,2022,1,1,1,1
2024,,3DD.0077D61AB6 ,MidColSthd_abvMCN,539.130.048,2022,1,1,1,1
2024,,3DD.0077D61238 ,MidColSthd_abvMCN,539.130.048,2022,1,1,1,1
2024,,3DD.0077D63C26 ,MidColSthd_abvMCN,539.172.003,2022,1,1,1,1
2024,,3DD.003D8C3D5F ,MidColSthd_abvMCN,539.172.003,2022,1,1,1,1
2025,,3DD.003D45B692 ,MidColSthd_abvMCN,509.035.051,2022,1,1,1,1
2025,,3DD.003D45B541 ,MidColSthd_abvMCN,509.035.051,2022,1,0,0,0
2025,,3DD.003D97453D ,MidColSthd_abvMCN,509.035.051,2023,1,1,0,0
2025,,3DD.003D97451C ,MidColSthd_abvMCN,509.035.051,2023,1,0,0,0
2025,,3DD.003D974942 ,MidColSthd_abvMCN,509.035.051,2023,1,0,0,0
2025,,3DD.0077BD0D42 ,MidColSthd_abvMCN,509.035.051,2023,1,0,0,0
2025,,3DD.003D973B01 ,MidColSthd_abvMCN,509.035.051,2023,1,0,0,0
2025,,3DD.003D974545 ,MidColSthd_abvMCN,509.035.051,2023,1,0,0,0
2025,,3DD.003D45B647 ,MidColSthd_abvMCN,509.035.051,2023,1,0,0,0
2025,,3DD.0077BCBC2D ,MidColSthd_abvMCN,509.035.051,2023,1,0,0,0
2025,,3DD.003D973D0E ,MidColSthd_abvMCN,509.035.051,2023,1,0,0,0
2025,,3DD.0077BCCB82 ,MidColSthd_abvMCN,509.035.051,2023,1,0,0,0
2025,,3DD.0077BCB955 ,MidColSthd_abvMCN,509.035.051,2023,1,0,0,0
2025,,3DD.003D974921 ,MidColSthd_abvMCN,509.035.051,2023,1,1,1,1
2025,,3DD.003D973F3F ,MidColSthd_abvMCN,509.035.051,2023,1,0,0,0
2025,,3DD.003DFF8FC7 ,MidColSthd_abvMCN,509.035.087,2023,1,0,0,0
2025,,3DD.003DFF98A0 ,MidColSthd_abvMCN,509.035.087,2023,1,0,0,0
2025,,3DD.003DFF991B ,MidColSthd_abvMCN,509.035.087,2023,1,0,0,0
2025,,3DD.003DFF99F5 ,MidColSthd_abvMCN,509.035.087,2023,1,0,0,0
2025,,3DD.003DFFBBE7 ,MidColSthd_abvMCN,509.035.087,2023,1,0,0,0
2025,,3DD.003DFF9995 ,MidColSthd_abvMCN,509.035.087,2023,1,0,0,0
2025,,3DD.003DFFC2B9 ,MidColSthd_abvMCN,509.035.087,2023,1,0,0,0
2025,,3DD.003DFF9D65 ,MidColSthd_abvMCN,509.035.087,2023,1,0,0,0
2025,,3DD.003DFF9561 ,MidColSthd_abvMCN,509.035.087,2023,1,0,0,0
2025,,3DD.003DFFB4CF ,MidColSthd_abvMCN,509.035.087,2023,1,0,0,0
2025,,3DD.003DFF9E51 ,MidColSthd_abvMCN,509.035.087,2023,1,0,0,0
2025,,3DD.003DFF8C0A ,MidColSthd_abvMCN,509.035.087,2023,1,0,0,0
2025,,3DD.003DFF94CD ,MidColSthd_abvMCN,509.035.087,2023,1,1,1,1
2025,,3DD.003DFF8D7A ,MidColSthd_abvMCN,509.035.087,2023,1,1,0,0
2025,,3DD.003DFFB81C ,MidColSthd_abvMCN,509.035.087,2023,1,1,0,0
2025,,3DD.003DFF8DDB ,MidColSthd_abvMCN,509.035.087,2023,1,0,0,0
2025,,3DD.003DFF9E1B ,MidColSthd_abvMCN,509.035.087,2023,1,0,0,0
2025,,3DD.003DFF9E73 ,MidColSthd_abvMCN,509.035.087,2023,1,0,0,0
2025,,3DD.003DFF97FE ,MidColSthd_abvMCN,509.035.087,2023,1,0,0,0
2025,,3DD.003DFF982F ,MidColSthd_abvMCN,509.035.087,2023,1,0,0,0
2025,,3DD.003DFF98F1 ,MidColSthd_abvMCN,509.035.087,2023,1,0,0,0
2025,,3DD.003DFF95EA ,MidColSthd_abvMCN,509.035.087,2023,1,0,0,0
2025,,3DD.003DFF9CC1 ,MidColSthd_abvMCN,509.035.087,2023,1,1,0,0
2025,,3DD.003DFF9B8C ,MidColSthd_abvMCN,509.035.087,2023,1,0,0,0
2025,,3DD.003DFF8FCB ,MidColSthd_abvMCN,509.035.087,2023,1,0,0,0
2025,,3DD.003DFF9B2F ,MidColSthd_abvMCN,509.035.087,2023,1,0,0,0
2025,,3DD.003DFF8CC0 ,MidColSthd_abvMCN,509.035.087,2023,1,0,0,0
2025,,3DD.003DFFC022 ,MidColSthd_abvMCN,509.035.087,2023,1,0,0,0
2025,,3DD.003DFF9DBD ,MidColSthd_abvMCN,509.035.087,2023,1,1,0,0
2025,,3DD.003DFF9428 ,MidColSthd_abvMCN,509.035.087,2023,1,0,0,0
2025,,3DD.003DFFB80B ,MidColSthd_abvMCN,509.035.087,2023,1,0,0,0
2025,,3DD.003DFFBAB4 ,MidColSthd_abvMCN,509.035.087,2023,1,0,0,0
2025,,3DD.003DFF905F ,MidColSthd_abvMCN,509.035.087,2023,1,0,0,0
2025,,3DD.003DFF967D ,MidColSthd_abvMCN,509.035.087,2023,1,0,0,0
2025,,3DD.003DFF8CB1 ,MidColSthd_abvMCN,509.035.087,2023,1,0,0,0
2025,,3DD.003DFFC84A ,MidColSthd_abvMCN,509.035.087,2023,1,0,0,0
2025,,3DD.003DFF8DE0 ,MidColSthd_abvMCN,509.035.087,2023,1,1,1,1
2025,,3DD.003DFF925E ,MidColSthd_abvMCN,509.035.087,2023,1,0,0,0
2025,,3DD.003DFF987B ,MidColSthd_abvMCN,509.035.087,2023,1,0,0,0
2025,,3DD.003DFF90A4 ,MidColSthd_abvMCN,509.035.087,2023,1,0,0,0
2025,,3DD.003DFF9D20 ,MidColSthd_abvMCN,509.035.087,2023,1,0,0,0
2025,,3DD.003DFFC871 ,MidColSthd_abvMCN,509.035.087,2023,1,0,0,0
2025,,3DD.003DFF8E74 ,MidColSthd_abvMCN,509.035.087,2023,1,0,0,0
2025,,3DD.003DFF9B56 ,MidColSthd_abvMCN,509.035.087,2023,1,1,0,0
2025,,3DD.003DFF98F7 ,MidColSthd_abvMCN,509.035.087,2023,1,0,0,0
2025,,3DD.003DFFBB7E ,MidColSthd_abvMCN,509.035.087,2023,1,0,0,0
2025,,3DD.003DFF9C5A ,MidColSthd_abvMCN,509.035.087,2023,1,0,0,0
2025,,3DD.003DFF99DD ,MidColSthd_abvMCN,509.035.087,2023,1,0,0,0
2025,,3DD.003DFFB384 ,MidColSthd_abvMCN,509.035.087,2023,1,0,0,0
2025,,3DD.003DFF961B ,MidColSthd_abvMCN,509.035.087,2023,1,0,0,0
2025,,3DD.003DFF9CFA ,MidColSthd_abvMCN,509.035.087,2023,1,0,0,0
2025,,3DD.003DFFBC17 ,MidColSthd_abvMCN,509.035.087,2023,1,0,0,0
2025,,3DD.003DFFB81A ,MidColSthd_abvMCN,509.035.087,2023,1,0,0,0
2025,,3DD.003DFF8B08 ,MidColSthd_abvMCN,509.035.087,2023,1,0,0,0
2025,,3DD.003DFF9CE3 ,MidColSthd_abvMCN,509.035.087,2023,1,0,0,0
2025,,3DD.003DFF921D ,MidColSthd_abvMCN,509.035.087,2023,1,0,0,0
2025,,3DD.003DFF92C2 ,MidColSthd_abvMCN,509.035.087,2023,1,0,0,0
2025,,3DD.003DFF9493 ,MidColSthd_abvMCN,509.035.087,2023,1,0,0,0
2025,,3DD.003DFF9D67 ,MidColSthd_abvMCN,509.035.087,2023,1,0,0,0
2025,,3DD.003D823083 ,MidColSthd_abvMCN,509.061,2022,1,0,0,0
2025,,3DD.003D82346C ,MidColSthd_abvMCN,509.061,2022,1,0,0,0
2025,,3DD.003D2F9478 ,MidColSthd_abvMCN,539.076,2023,1,1,1,1
2025,,3DD.003DF4AF21 ,MidColSthd_abvMCN,539.112.002,2023,1,0,0,0
2025,,3DD.003DF4AF27 ,MidColSthd_abvMCN,539.112.002,2023,1,0,0,0
2025,,3DD.003DF4AF19 ,MidColSthd_abvMCN,539.112.002,2023,1,1,1,1
